"24개 암종별","성별","연령별",2015,2015,2016,2016,2017,2017,2018,2018,2019,2019
"24개 암종별","성별","연령별",발생자수 (명),조발생률 (명/10만명),발생자수 (명),조발생률 (명/10만명),발생자수 (명),조발생률 (명/10만명),발생자수 (명),조발생률 (명/10만명),발생자수 (명),조발생률 (명/10만명)
"모든 암(C00-C96)","계","계",218204,428.3,232621,455.1,236190,461.0,245874,479.3,254718,496.2
"모든 암(C00-C96)","계","0-4세",462,20.3,462,20.7,395,18.4,405,20.0,406,21.3
"모든 암(C00-C96)","계","5-9세",246,10.6,289,12.3,265,11.2,252,10.8,220,9.5
"모든 암(C00-C96)","계","10-14세",340,13.3,343,14.3,324,13.8,318,13.6,300,13.0
"모든 암(C00-C96)","계","15-19세",661,20.1,710,22.3,609,20.1,580,20.2,583,21.4
"모든 암(C00-C96)","계","20-24세",1112,31.7,1280,36.2,1287,36.8,1353,39.4,1344,40.1
"모든 암(C00-C96)","계","25-29세",2199,70.3,2470,78.1,2473,76.0,2701,80.7,2896,84.4
"모든 암(C00-C96)","계","30-34세",4760,125.4,4755,132.2,4586,135.3,4697,145.5,4652,147.6
"모든 암(C00-C96)","계","35-39세",7259,187.0,7771,197.2,8121,203.1,8705,215.9,8845,223.3
"모든 암(C00-C96)","계","40-44세",12620,286.1,12569,295.4,12501,304.6,12502,315.7,12427,322.2
"모든 암(C00-C96)","계","45-49세",16086,367.9,17213,385.8,17177,378.7,17537,387.0,17759,396.5
"모든 암(C00-C96)","계","50-54세",21778,510.5,21712,520.4,20989,511.2,21252,511.5,22061,518.0
"모든 암(C00-C96)","계","55-59세",25607,659.5,27890,684.3,28066,664.4,28438,665.5,28454,668.0
"모든 암(C00-C96)","계","60-64세",24356,897.0,27753,935.9,28657,902.3,30559,905.1,33079,918.5
"모든 암(C00-C96)","계","65-69세",25401,1204.1,27127,1241.0,27438,1212.9,28232,1203.5,29031,1187.9
"모든 암(C00-C96)","계","70-74세",27427,1543.1,27470,1555.9,27167,1538.5,27931,1539.6,29796,1566.4
"모든 암(C00-C96)","계","75-79세",23961,1770.1,25610,1818.7,27143,1801.8,28889,1822.2,29324,1829.0
"모든 암(C00-C96)","계","80-84세",15043,1894.0,17088,1976.9,18094,1948.8,19273,1947.5,20664,1956.5
"모든 암(C00-C96)","계","85세이상",8885,1715.8,10108,1813.7,10898,1806.1,12249,1871.6,12874,1805.3
"모든 암(C00-C96)","계","연령미상",1,-,1,-,-,-,1,-,3,-
"모든 암(C00-C96)","남자","계",115103,452.1,121866,477.4,124343,486.2,129824,507.1,134180,523.9
"모든 암(C00-C96)","남자","0-4세",257,22.0,250,21.8,216,19.7,220,21.2,233,23.8
"모든 암(C00-C96)","남자","5-9세",144,12.1,151,12.5,138,11.4,145,12.1,127,10.6
"모든 암(C00-C96)","남자","10-14세",181,13.6,199,16.0,160,13.2,176,14.6,157,13.2
"모든 암(C00-C96)","남자","15-19세",329,19.1,349,21.0,322,20.3,290,19.4,273,19.2
"모든 암(C00-C96)","남자","20-24세",408,21.9,481,25.7,453,24.5,485,26.8,463,26.3
"모든 암(C00-C96)","남자","25-29세",698,42.8,768,46.5,751,44.0,857,48.6,895,49.4
"모든 암(C00-C96)","남자","30-34세",1392,71.6,1389,75.3,1439,82.7,1456,87.6,1415,86.9
"모든 암(C00-C96)","남자","35-39세",2149,108.8,2218,110.6,2359,115.8,2618,127.4,2673,132.4
"모든 암(C00-C96)","남자","40-44세",3923,174.8,3771,174.4,3758,180.5,3593,178.8,3745,191.1
"모든 암(C00-C96)","남자","45-49세",5701,257.4,5905,261.8,5722,249.3,5712,248.4,5728,251.9
"모든 암(C00-C96)","남자","50-54세",9723,450.2,9546,450.0,9088,435.2,9007,428.7,9182,427.7
"모든 암(C00-C96)","남자","55-59세",13908,717.9,14976,736.2,15026,712.1,14980,700.4,14697,687.8
"모든 암(C00-C96)","남자","60-64세",14855,1115.5,16822,1157.0,17045,1091.8,18433,1106.8,19504,1096.9
"모든 암(C00-C96)","남자","65-69세",16640,1646.1,17766,1693.8,18125,1667.0,18499,1638.8,18896,1604.2
"모든 암(C00-C96)","남자","70-74세",17859,2255.0,17815,2241.8,17893,2226.6,18471,2212.4,19721,2231.5
"모든 암(C00-C96)","남자","75-79세",14957,2740.2,15848,2756.8,16929,2715.9,18475,2786.9,18651,2759.7
"모든 암(C00-C96)","남자","80-84세",8162,3047.7,9368,3132.6,10198,3108.1,11032,3096.9,11967,3094.1
"모든 암(C00-C96)","남자","85세이상",3817,2921.7,4243,3014.1,4721,3054.4,5374,3142.5,5851,3072.2
"모든 암(C00-C96)","남자","연령미상",-,-,1,-,-,-,1,-,2,-
"모든 암(C00-C96)","여자","계",103101,404.4,110755,432.9,111847,436.0,116050,451.6,120538,468.5
"모든 암(C00-C96)","여자","0-4세",205,18.5,212,19.5,179,17.2,185,18.7,173,18.6
"모든 암(C00-C96)","여자","5-9세",102,9.1,138,12.1,127,11.1,107,9.4,93,8.2
"모든 암(C00-C96)","여자","10-14세",159,13.0,144,12.5,164,14.5,142,12.6,143,12.8
"모든 암(C00-C96)","여자","15-19세",332,21.2,361,23.7,287,19.8,290,21.1,310,23.7
"모든 암(C00-C96)","여자","20-24세",704,42.7,799,48.1,834,50.6,868,53.4,881,55.2
"모든 암(C00-C96)","여자","25-29세",1501,100.1,1702,112.8,1722,111.3,1844,116.3,2001,123.6
"모든 암(C00-C96)","여자","30-34세",3368,181.7,3366,192.0,3147,190.9,3241,207.0,3237,212.5
"모든 암(C00-C96)","여자","35-39세",5110,268.0,5553,287.0,5762,293.8,6087,307.9,6172,317.8
"모든 암(C00-C96)","여자","40-44세",8697,401.6,8798,420.7,8743,432.3,8909,456.8,8682,457.6
"모든 암(C00-C96)","여자","45-49세",10385,481.1,11308,512.6,11455,511.2,11825,529.7,12031,545.7
"모든 암(C00-C96)","여자","50-54세",12055,572.3,12166,593.2,11901,589.9,12245,596.1,12879,609.8
"모든 암(C00-C96)","여자","55-59세",11699,601.4,12914,632.6,13040,616.8,13458,630.6,13757,648.0
"모든 암(C00-C96)","여자","60-64세",9501,686.8,10931,723.2,11612,719.1,12126,708.8,13575,744.5
"모든 암(C00-C96)","여자","65-69세",8761,797.5,9361,823.3,9313,792.7,9733,799.7,10135,800.6
"모든 암(C00-C96)","여자","70-74세",9568,971.0,9655,994.5,9274,963.8,9460,966.0,10075,989.2
"모든 암(C00-C96)","여자","75-79세",9004,1114.7,9762,1171.6,10214,1156.6,10414,1129.0,10673,1150.9
"모든 암(C00-C96)","여자","80-84세",6881,1307.1,7720,1365.6,7896,1315.2,8241,1301.1,8697,1299.2
"모든 암(C00-C96)","여자","85세이상",5068,1308.9,5865,1408.0,6177,1376.2,6875,1422.1,7023,1343.6
"모든 암(C00-C96)","여자","연령미상",1,-,-,-,-,-,-,-,1,-
"입술, 구강 및 인두(C00-C14)","계","계",3367,6.6,3607,7.1,3743,7.3,3843,7.5,3969,7.7
"입술, 구강 및 인두(C00-C14)","계","0-4세",2,0.1,2,0.1,3,0.1,1,-,-,-
"입술, 구강 및 인두(C00-C14)","계","5-9세",3,0.1,2,0.1,4,0.2,5,0.2,1,-
"입술, 구강 및 인두(C00-C14)","계","10-14세",9,0.4,10,0.4,4,0.2,6,0.3,7,0.3
"입술, 구강 및 인두(C00-C14)","계","15-19세",21,0.6,25,0.8,13,0.4,17,0.6,13,0.5
"입술, 구강 및 인두(C00-C14)","계","20-24세",36,1.0,34,1.0,26,0.7,38,1.1,32,1.0
"입술, 구강 및 인두(C00-C14)","계","25-29세",30,1.0,34,1.1,51,1.6,37,1.1,45,1.3
"입술, 구강 및 인두(C00-C14)","계","30-34세",77,2.0,82,2.3,74,2.2,54,1.7,49,1.6
"입술, 구강 및 인두(C00-C14)","계","35-39세",82,2.1,117,3.0,110,2.8,105,2.6,112,2.8
"입술, 구강 및 인두(C00-C14)","계","40-44세",178,4.0,158,3.7,153,3.7,182,4.6,158,4.1
"입술, 구강 및 인두(C00-C14)","계","45-49세",228,5.2,294,6.6,263,5.8,266,5.9,300,6.7
"입술, 구강 및 인두(C00-C14)","계","50-54세",411,9.6,376,9.0,416,10.1,394,9.5,416,9.8
"입술, 구강 및 인두(C00-C14)","계","55-59세",488,12.6,515,12.6,533,12.6,571,13.4,556,13.1
"입술, 구강 및 인두(C00-C14)","계","60-64세",426,15.7,492,16.6,533,16.8,552,16.4,628,17.4
"입술, 구강 및 인두(C00-C14)","계","65-69세",417,19.8,439,20.1,456,20.2,430,18.3,470,19.2
"입술, 구강 및 인두(C00-C14)","계","70-74세",375,21.1,381,21.6,383,21.7,412,22.7,415,21.8
"입술, 구강 및 인두(C00-C14)","계","75-79세",299,22.1,322,22.9,382,25.4,396,25.0,392,24.5
"입술, 구강 및 인두(C00-C14)","계","80-84세",182,22.9,210,24.3,212,22.8,244,24.7,228,21.6
"입술, 구강 및 인두(C00-C14)","계","85세이상",103,19.9,114,20.5,127,21.0,133,20.3,147,20.6
"입술, 구강 및 인두(C00-C14)","계","연령미상",-,-,-,-,-,-,-,-,-,-
"입술, 구강 및 인두(C00-C14)","남자","계",2432,9.6,2569,10.1,2677,10.5,2766,10.8,2863,11.2
"입술, 구강 및 인두(C00-C14)","남자","0-4세",2,0.2,1,0.1,2,0.2,1,0.1,-,-
"입술, 구강 및 인두(C00-C14)","남자","5-9세",2,0.2,1,0.1,-,-,1,0.1,1,0.1
"입술, 구강 및 인두(C00-C14)","남자","10-14세",4,0.3,7,0.6,1,0.1,3,0.2,3,0.3
"입술, 구강 및 인두(C00-C14)","남자","15-19세",11,0.6,17,1.0,10,0.6,8,0.5,7,0.5
"입술, 구강 및 인두(C00-C14)","남자","20-24세",17,0.9,22,1.2,16,0.9,16,0.9,18,1.0
"입술, 구강 및 인두(C00-C14)","남자","25-29세",16,1.0,22,1.3,23,1.3,17,1.0,24,1.3
"입술, 구강 및 인두(C00-C14)","남자","30-34세",52,2.7,46,2.5,45,2.6,32,1.9,29,1.8
"입술, 구강 및 인두(C00-C14)","남자","35-39세",41,2.1,72,3.6,62,3.0,61,3.0,60,3.0
"입술, 구강 및 인두(C00-C14)","남자","40-44세",104,4.6,86,4.0,92,4.4,120,6.0,102,5.2
"입술, 구강 및 인두(C00-C14)","남자","45-49세",166,7.5,206,9.1,174,7.6,183,8.0,203,8.9
"입술, 구강 및 인두(C00-C14)","남자","50-54세",302,14.0,276,13.0,297,14.2,296,14.1,295,13.7
"입술, 구강 및 인두(C00-C14)","남자","55-59세",390,20.1,404,19.9,405,19.2,435,20.3,424,19.8
"입술, 구강 및 인두(C00-C14)","남자","60-64세",331,24.9,395,27.2,410,26.3,426,25.6,497,28.0
"입술, 구강 및 인두(C00-C14)","남자","65-69세",326,32.2,350,33.4,367,33.8,352,31.2,384,32.6
"입술, 구강 및 인두(C00-C14)","남자","70-74세",286,36.1,272,34.2,293,36.5,304,36.4,301,34.1
"입술, 구강 및 인두(C00-C14)","남자","75-79세",218,39.9,231,40.2,272,43.6,310,46.8,293,43.4
"입술, 구강 및 인두(C00-C14)","남자","80-84세",110,41.1,112,37.5,140,42.7,148,41.5,150,38.8
"입술, 구강 및 인두(C00-C14)","남자","85세이상",54,41.3,49,34.8,68,44.0,53,31.0,72,37.8
"입술, 구강 및 인두(C00-C14)","남자","연령미상",-,-,-,-,-,-,-,-,-,-
"입술, 구강 및 인두(C00-C14)","여자","계",935,3.7,1038,4.1,1066,4.2,1077,4.2,1106,4.3
"입술, 구강 및 인두(C00-C14)","여자","0-4세",-,-,1,0.1,1,0.1,-,-,-,-
"입술, 구강 및 인두(C00-C14)","여자","5-9세",1,0.1,1,0.1,4,0.3,4,0.4,-,-
"입술, 구강 및 인두(C00-C14)","여자","10-14세",5,0.4,3,0.3,3,0.3,3,0.3,4,0.4
"입술, 구강 및 인두(C00-C14)","여자","15-19세",10,0.6,8,0.5,3,0.2,9,0.7,6,0.5
"입술, 구강 및 인두(C00-C14)","여자","20-24세",19,1.2,12,0.7,10,0.6,22,1.4,14,0.9
"입술, 구강 및 인두(C00-C14)","여자","25-29세",14,0.9,12,0.8,28,1.8,20,1.3,21,1.3
"입술, 구강 및 인두(C00-C14)","여자","30-34세",25,1.3,36,2.1,29,1.8,22,1.4,20,1.3
"입술, 구강 및 인두(C00-C14)","여자","35-39세",41,2.1,45,2.3,48,2.4,44,2.2,52,2.7
"입술, 구강 및 인두(C00-C14)","여자","40-44세",74,3.4,72,3.4,61,3.0,62,3.2,56,3.0
"입술, 구강 및 인두(C00-C14)","여자","45-49세",62,2.9,88,4.0,89,4.0,83,3.7,97,4.4
"입술, 구강 및 인두(C00-C14)","여자","50-54세",109,5.2,100,4.9,119,5.9,98,4.8,121,5.7
"입술, 구강 및 인두(C00-C14)","여자","55-59세",98,5.0,111,5.4,128,6.1,136,6.4,132,6.2
"입술, 구강 및 인두(C00-C14)","여자","60-64세",95,6.9,97,6.4,123,7.6,126,7.4,131,7.2
"입술, 구강 및 인두(C00-C14)","여자","65-69세",91,8.3,89,7.8,89,7.6,78,6.4,86,6.8
"입술, 구강 및 인두(C00-C14)","여자","70-74세",89,9.0,109,11.2,90,9.4,108,11.0,114,11.2
"입술, 구강 및 인두(C00-C14)","여자","75-79세",81,10.0,91,10.9,110,12.5,86,9.3,99,10.7
"입술, 구강 및 인두(C00-C14)","여자","80-84세",72,13.7,98,17.3,72,12.0,96,15.2,78,11.7
"입술, 구강 및 인두(C00-C14)","여자","85세이상",49,12.7,65,15.6,59,13.1,80,16.5,75,14.3
"입술, 구강 및 인두(C00-C14)","여자","연령미상",-,-,-,-,-,-,-,-,-,-
"식도(C15)","계","계",2456,4.8,2531,5.0,2527,4.9,2708,5.3,2870,5.6
"식도(C15)","계","0-4세",-,-,-,-,-,-,-,-,-,-
"식도(C15)","계","5-9세",-,-,-,-,-,-,-,-,-,-
"식도(C15)","계","10-14세",-,-,-,-,-,-,-,-,-,-
"식도(C15)","계","15-19세",-,-,-,-,-,-,-,-,-,-
"식도(C15)","계","20-24세",-,-,-,-,-,-,-,-,-,-
"식도(C15)","계","25-29세",-,-,-,-,1,-,-,-,-,-
"식도(C15)","계","30-34세",1,-,2,0.1,1,-,1,-,3,0.1
"식도(C15)","계","35-39세",4,0.1,10,0.3,9,0.2,8,0.2,7,0.2
"식도(C15)","계","40-44세",22,0.5,26,0.6,14,0.3,20,0.5,19,0.5
"식도(C15)","계","45-49세",61,1.4,64,1.4,68,1.5,59,1.3,65,1.5
"식도(C15)","계","50-54세",133,3.1,159,3.8,156,3.8,167,4.0,173,4.1
"식도(C15)","계","55-59세",327,8.4,319,7.8,308,7.3,370,8.7,363,8.5
"식도(C15)","계","60-64세",383,14.1,443,14.9,460,14.5,470,13.9,522,14.5
"식도(C15)","계","65-69세",386,18.3,413,18.9,437,19.3,475,20.2,469,19.2
"식도(C15)","계","70-74세",470,26.4,401,22.7,383,21.7,407,22.4,437,23.0
"식도(C15)","계","75-79세",385,28.4,353,25.1,373,24.8,379,23.9,427,26.6
"식도(C15)","계","80-84세",194,24.4,237,27.4,217,23.4,249,25.2,268,25.4
"식도(C15)","계","85세이상",90,17.4,104,18.7,100,16.6,103,15.7,117,16.4
"식도(C15)","계","연령미상",-,-,-,-,-,-,-,-,-,-
"식도(C15)","남자","계",2234,8.8,2275,8.9,2278,8.9,2458,9.6,2573,10.0
"식도(C15)","남자","0-4세",-,-,-,-,-,-,-,-,-,-
"식도(C15)","남자","5-9세",-,-,-,-,-,-,-,-,-,-
"식도(C15)","남자","10-14세",-,-,-,-,-,-,-,-,-,-
"식도(C15)","남자","15-19세",-,-,-,-,-,-,-,-,-,-
"식도(C15)","남자","20-24세",-,-,-,-,-,-,-,-,-,-
"식도(C15)","남자","25-29세",-,-,-,-,1,0.1,-,-,-,-
"식도(C15)","남자","30-34세",1,0.1,1,0.1,-,-,1,0.1,-,-
"식도(C15)","남자","35-39세",2,0.1,5,0.2,2,0.1,4,0.2,2,0.1
"식도(C15)","남자","40-44세",16,0.7,19,0.9,9,0.4,10,0.5,9,0.5
"식도(C15)","남자","45-49세",52,2.3,49,2.2,57,2.5,49,2.1,48,2.1
"식도(C15)","남자","50-54세",119,5.5,143,6.7,129,6.2,145,6.9,143,6.7
"식도(C15)","남자","55-59세",304,15.7,287,14.1,277,13.1,340,15.9,328,15.3
"식도(C15)","남자","60-64세",356,26.7,412,28.3,425,27.2,438,26.3,477,26.8
"식도(C15)","남자","65-69세",363,35.9,392,37.4,415,38.2,448,39.7,433,36.8
"식도(C15)","남자","70-74세",437,55.2,375,47.2,358,44.5,384,46.0,408,46.2
"식도(C15)","남자","75-79세",362,66.3,317,55.1,348,55.8,347,52.3,389,57.6
"식도(C15)","남자","80-84세",164,61.2,198,66.2,192,58.5,215,60.4,243,62.8
"식도(C15)","남자","85세이상",58,44.4,77,54.7,65,42.1,77,45.0,93,48.8
"식도(C15)","남자","연령미상",-,-,-,-,-,-,-,-,-,-
"식도(C15)","여자","계",222,0.9,256,1.0,249,1.0,250,1.0,297,1.2
"식도(C15)","여자","0-4세",-,-,-,-,-,-,-,-,-,-
"식도(C15)","여자","5-9세",-,-,-,-,-,-,-,-,-,-
"식도(C15)","여자","10-14세",-,-,-,-,-,-,-,-,-,-
"식도(C15)","여자","15-19세",-,-,-,-,-,-,-,-,-,-
"식도(C15)","여자","20-24세",-,-,-,-,-,-,-,-,-,-
"식도(C15)","여자","25-29세",-,-,-,-,-,-,-,-,-,-
"식도(C15)","여자","30-34세",-,-,1,0.1,1,0.1,-,-,3,0.2
"식도(C15)","여자","35-39세",2,0.1,5,0.3,7,0.4,4,0.2,5,0.3
"식도(C15)","여자","40-44세",6,0.3,7,0.3,5,0.2,10,0.5,10,0.5
"식도(C15)","여자","45-49세",9,0.4,15,0.7,11,0.5,10,0.4,17,0.8
"식도(C15)","여자","50-54세",14,0.7,16,0.8,27,1.3,22,1.1,30,1.4
"식도(C15)","여자","55-59세",23,1.2,32,1.6,31,1.5,30,1.4,35,1.6
"식도(C15)","여자","60-64세",27,2.0,31,2.1,35,2.2,32,1.9,45,2.5
"식도(C15)","여자","65-69세",23,2.1,21,1.8,22,1.9,27,2.2,36,2.8
"식도(C15)","여자","70-74세",33,3.3,26,2.7,25,2.6,23,2.3,29,2.8
"식도(C15)","여자","75-79세",23,2.8,36,4.3,25,2.8,32,3.5,38,4.1
"식도(C15)","여자","80-84세",30,5.7,39,6.9,25,4.2,34,5.4,25,3.7
"식도(C15)","여자","85세이상",32,8.3,27,6.5,35,7.8,26,5.4,24,4.6
"식도(C15)","여자","연령미상",-,-,-,-,-,-,-,-,-,-
"위(C16)","계","계",29449,57.8,30766,60.2,30082,58.7,29408,57.3,29493,57.4
"위(C16)","계","0-4세",-,-,1,-,-,-,-,-,-,-
"위(C16)","계","5-9세",-,-,-,-,-,-,-,-,-,-
"위(C16)","계","10-14세",-,-,-,-,1,-,-,-,1,-
"위(C16)","계","15-19세",4,0.1,5,0.2,5,0.2,3,0.1,1,-
"위(C16)","계","20-24세",16,0.5,16,0.5,22,0.6,19,0.6,16,0.5
"위(C16)","계","25-29세",57,1.8,60,1.9,45,1.4,41,1.2,61,1.8
"위(C16)","계","30-34세",233,6.1,194,5.4,191,5.6,130,4.0,127,4.0
"위(C16)","계","35-39세",550,14.2,563,14.3,492,12.3,489,12.1,435,11.0
"위(C16)","계","40-44세",1319,29.9,1145,26.9,1132,27.6,977,24.7,954,24.7
"위(C16)","계","45-49세",1658,37.9,1726,38.7,1667,36.8,1590,35.1,1482,33.1
"위(C16)","계","50-54세",2925,68.6,2793,66.9,2715,66.1,2539,61.1,2508,58.9
"위(C16)","계","55-59세",3731,96.1,4249,104.3,4054,96.0,3933,92.0,3702,86.9
"위(C16)","계","60-64세",3875,142.7,4410,148.7,4373,137.7,4423,131.0,4661,129.4
"위(C16)","계","65-69세",4051,192.0,4185,191.5,4090,180.8,3993,170.2,3933,160.9
"위(C16)","계","70-74세",4234,238.2,4139,234.4,3934,222.8,3746,206.5,3851,202.4
"위(C16)","계","75-79세",3490,257.8,3668,260.5,3701,245.7,3764,237.4,3739,233.2
"위(C16)","계","80-84세",2162,272.2,2369,274.1,2351,253.2,2419,244.4,2556,242.0
"위(C16)","계","85세이상",1143,220.7,1243,223.0,1309,216.9,1342,205.1,1465,205.4
"위(C16)","계","연령미상",1,-,-,-,-,-,-,-,1,-
"위(C16)","남자","계",19739,77.5,20690,81.0,20196,79.0,19950,77.9,19761,77.2
"위(C16)","남자","0-4세",-,-,1,0.1,-,-,-,-,-,-
"위(C16)","남자","5-9세",-,-,-,-,-,-,-,-,-,-
"위(C16)","남자","10-14세",-,-,-,-,1,0.1,-,-,-,-
"위(C16)","남자","15-19세",1,0.1,1,0.1,2,0.1,2,0.1,1,0.1
"위(C16)","남자","20-24세",7,0.4,8,0.4,10,0.5,7,0.4,4,0.2
"위(C16)","남자","25-29세",16,1.0,25,1.5,18,1.1,15,0.9,35,1.9
"위(C16)","남자","30-34세",95,4.9,77,4.2,79,4.5,58,3.5,53,3.3
"위(C16)","남자","35-39세",248,12.6,255,12.7,225,11.0,218,10.6,172,8.5
"위(C16)","남자","40-44세",739,32.9,603,27.9,580,27.9,529,26.3,507,25.9
"위(C16)","남자","45-49세",1034,46.7,1086,48.1,1025,44.7,978,42.5,905,39.8
"위(C16)","남자","50-54세",2066,95.7,1970,92.9,1885,90.3,1751,83.3,1682,78.3
"위(C16)","남자","55-59세",2788,143.9,3157,155.2,2997,142.0,2891,135.2,2714,127.0
"위(C16)","남자","60-64세",2910,218.5,3337,229.5,3235,207.2,3368,202.2,3447,193.9
"위(C16)","남자","65-69세",3019,298.6,3107,296.2,3074,282.7,2952,261.5,2884,244.8
"위(C16)","남자","70-74세",2946,372.0,2896,364.4,2792,347.4,2650,317.4,2730,308.9
"위(C16)","남자","75-79세",2198,402.7,2328,405.0,2330,373.8,2482,374.4,2453,363.0
"위(C16)","남자","80-84세",1174,438.4,1314,439.4,1331,405.7,1424,399.7,1494,386.3
"위(C16)","남자","85세이상",498,381.2,525,372.9,612,395.9,625,365.5,679,356.5
"위(C16)","남자","연령미상",-,-,-,-,-,-,-,-,1,-
"위(C16)","여자","계",9710,38.1,10076,39.4,9886,38.5,9458,36.8,9732,37.8
"위(C16)","여자","0-4세",-,-,-,-,-,-,-,-,-,-
"위(C16)","여자","5-9세",-,-,-,-,-,-,-,-,-,-
"위(C16)","여자","10-14세",-,-,-,-,-,-,-,-,1,0.1
"위(C16)","여자","15-19세",3,0.2,4,0.3,3,0.2,1,0.1,-,-
"위(C16)","여자","20-24세",9,0.5,8,0.5,12,0.7,12,0.7,12,0.8
"위(C16)","여자","25-29세",41,2.7,35,2.3,27,1.7,26,1.6,26,1.6
"위(C16)","여자","30-34세",138,7.4,117,6.7,112,6.8,72,4.6,74,4.9
"위(C16)","여자","35-39세",302,15.8,308,15.9,267,13.6,271,13.7,263,13.5
"위(C16)","여자","40-44세",580,26.8,542,25.9,552,27.3,448,23.0,447,23.6
"위(C16)","여자","45-49세",624,28.9,640,29.0,642,28.6,612,27.4,577,26.2
"위(C16)","여자","50-54세",859,40.8,823,40.1,830,41.1,788,38.4,826,39.1
"위(C16)","여자","55-59세",943,48.5,1092,53.5,1057,50.0,1042,48.8,988,46.5
"위(C16)","여자","60-64세",965,69.8,1073,71.0,1138,70.5,1055,61.7,1214,66.6
"위(C16)","여자","65-69세",1032,93.9,1078,94.8,1016,86.5,1041,85.5,1049,82.9
"위(C16)","여자","70-74세",1288,130.7,1243,128.0,1142,118.7,1096,111.9,1121,110.1
"위(C16)","여자","75-79세",1292,159.9,1340,160.8,1371,155.2,1282,139.0,1286,138.7
"위(C16)","여자","80-84세",988,187.7,1055,186.6,1020,169.9,995,157.1,1062,158.7
"위(C16)","여자","85세이상",645,166.6,718,172.4,697,155.3,717,148.3,786,150.4
"위(C16)","여자","연령미상",1,-,-,-,-,-,-,-,-,-
"대장(C18-C20)","계","계",27248,53.5,28533,55.8,28596,55.8,28186,54.9,29030,56.5
"대장(C18-C20)","계","0-4세",-,-,-,-,-,-,-,-,-,-
"대장(C18-C20)","계","5-9세",1,-,-,-,-,-,-,-,-,-
"대장(C18-C20)","계","10-14세",-,-,4,0.2,1,-,2,0.1,1,-
"대장(C18-C20)","계","15-19세",13,0.4,14,0.4,10,0.3,10,0.3,9,0.3
"대장(C18-C20)","계","20-24세",32,0.9,27,0.8,38,1.1,32,0.9,40,1.2
"대장(C18-C20)","계","25-29세",87,2.8,75,2.4,87,2.7,88,2.6,103,3.0
"대장(C18-C20)","계","30-34세",227,6.0,208,5.8,202,6.0,210,6.5,216,6.9
"대장(C18-C20)","계","35-39세",448,11.5,421,10.7,466,11.7,489,12.1,497,12.5
"대장(C18-C20)","계","40-44세",864,19.6,788,18.5,801,19.5,793,20.0,809,21.0
"대장(C18-C20)","계","45-49세",1413,32.3,1459,32.7,1490,32.8,1419,31.3,1485,33.2
"대장(C18-C20)","계","50-54세",2559,60.0,2516,60.3,2519,61.4,2365,56.9,2404,56.4
"대장(C18-C20)","계","55-59세",3370,86.8,3538,86.8,3565,84.4,3399,79.5,3462,81.3
"대장(C18-C20)","계","60-64세",3347,123.3,3769,127.1,3813,120.1,3835,113.6,4160,115.5
"대장(C18-C20)","계","65-69세",3639,172.5,3796,173.7,3604,159.3,3463,147.6,3478,142.3
"대장(C18-C20)","계","70-74세",3932,221.2,3884,220.0,3665,207.6,3491,192.4,3592,188.8
"대장(C18-C20)","계","75-79세",3630,268.2,3695,262.4,3758,249.5,3803,239.9,3749,233.8
"대장(C18-C20)","계","80-84세",2279,286.9,2702,312.6,2788,300.3,2806,283.5,2963,280.5
"대장(C18-C20)","계","85세이상",1407,271.7,1637,293.7,1789,296.5,1981,302.7,2061,289.0
"대장(C18-C20)","계","연령미상",-,-,-,-,-,-,-,-,1,-
"대장(C18-C20)","남자","계",16182,63.6,16932,66.3,16943,66.2,16846,65.8,17119,66.8
"대장(C18-C20)","남자","0-4세",-,-,-,-,-,-,-,-,-,-
"대장(C18-C20)","남자","5-9세",-,-,-,-,-,-,-,-,-,-
"대장(C18-C20)","남자","10-14세",-,-,3,0.2,-,-,1,0.1,-,-
"대장(C18-C20)","남자","15-19세",7,0.4,7,0.4,5,0.3,9,0.6,9,0.6
"대장(C18-C20)","남자","20-24세",18,1.0,14,0.7,19,1.0,17,0.9,22,1.3
"대장(C18-C20)","남자","25-29세",47,2.9,43,2.6,59,3.5,47,2.7,58,3.2
"대장(C18-C20)","남자","30-34세",126,6.5,126,6.8,105,6.0,118,7.1,135,8.3
"대장(C18-C20)","남자","35-39세",236,12.0,246,12.3,257,12.6,257,12.5,269,13.3
"대장(C18-C20)","남자","40-44세",501,22.3,465,21.5,409,19.6,426,21.2,441,22.5
"대장(C18-C20)","남자","45-49세",815,36.8,816,36.2,825,36.0,809,35.2,828,36.4
"대장(C18-C20)","남자","50-54세",1560,72.2,1537,72.5,1512,72.4,1457,69.3,1444,67.3
"대장(C18-C20)","남자","55-59세",2186,112.8,2370,116.5,2348,111.3,2255,105.4,2318,108.5
"대장(C18-C20)","남자","60-64세",2299,172.6,2541,174.8,2574,164.9,2638,158.4,2780,156.3
"대장(C18-C20)","남자","65-69세",2384,235.8,2531,241.3,2472,227.4,2360,209.1,2344,199.0
"대장(C18-C20)","남자","70-74세",2433,307.2,2376,299.0,2312,287.7,2210,264.7,2215,250.6
"대장(C18-C20)","남자","75-79세",2033,372.5,2025,352.3,2036,326.6,2144,323.4,2081,307.9
"대장(C18-C20)","남자","80-84세",1013,378.3,1268,424.0,1355,413.0,1360,381.8,1450,374.9
"대장(C18-C20)","남자","85세이상",524,401.1,564,400.7,655,423.8,738,431.5,724,380.1
"대장(C18-C20)","남자","연령미상",-,-,-,-,-,-,-,-,1,-
"대장(C18-C20)","여자","계",11066,43.4,11601,45.3,11653,45.4,11340,44.1,11911,46.3
"대장(C18-C20)","여자","0-4세",-,-,-,-,-,-,-,-,-,-
"대장(C18-C20)","여자","5-9세",1,0.1,-,-,-,-,-,-,-,-
"대장(C18-C20)","여자","10-14세",-,-,1,0.1,1,0.1,1,0.1,1,0.1
"대장(C18-C20)","여자","15-19세",6,0.4,7,0.5,5,0.3,1,0.1,-,-
"대장(C18-C20)","여자","20-24세",14,0.8,13,0.8,19,1.2,15,0.9,18,1.1
"대장(C18-C20)","여자","25-29세",40,2.7,32,2.1,28,1.8,41,2.6,45,2.8
"대장(C18-C20)","여자","30-34세",101,5.4,82,4.7,97,5.9,92,5.9,81,5.3
"대장(C18-C20)","여자","35-39세",212,11.1,175,9.0,209,10.7,232,11.7,228,11.7
"대장(C18-C20)","여자","40-44세",363,16.8,323,15.4,392,19.4,367,18.8,368,19.4
"대장(C18-C20)","여자","45-49세",598,27.7,643,29.1,665,29.7,610,27.3,657,29.8
"대장(C18-C20)","여자","50-54세",999,47.4,979,47.7,1007,49.9,908,44.2,960,45.5
"대장(C18-C20)","여자","55-59세",1184,60.9,1168,57.2,1217,57.6,1144,53.6,1144,53.9
"대장(C18-C20)","여자","60-64세",1048,75.8,1228,81.2,1239,76.7,1197,70.0,1380,75.7
"대장(C18-C20)","여자","65-69세",1255,114.2,1265,111.3,1132,96.4,1103,90.6,1134,89.6
"대장(C18-C20)","여자","70-74세",1499,152.1,1508,155.3,1353,140.6,1281,130.8,1377,135.2
"대장(C18-C20)","여자","75-79세",1597,197.7,1670,200.4,1722,195.0,1659,179.8,1668,179.9
"대장(C18-C20)","여자","80-84세",1266,240.5,1434,253.7,1433,238.7,1446,228.3,1513,226.0
"대장(C18-C20)","여자","85세이상",883,228.0,1073,257.6,1134,252.7,1243,257.1,1337,255.8
"대장(C18-C20)","여자","연령미상",-,-,-,-,-,-,-,-,-,-
"간(C22)","계","계",15971,31.3,15964,31.2,15670,30.6,15834,30.9,15605,30.4
"간(C22)","계","0-4세",18,0.8,18,0.8,13,0.6,10,0.5,18,0.9
"간(C22)","계","5-9세",3,0.1,4,0.2,1,-,3,0.1,2,0.1
"간(C22)","계","10-14세",2,0.1,3,0.1,1,-,1,-,-,-
"간(C22)","계","15-19세",4,0.1,5,0.2,3,0.1,7,0.2,4,0.1
"간(C22)","계","20-24세",4,0.1,4,0.1,8,0.2,14,0.4,3,0.1
"간(C22)","계","25-29세",15,0.5,14,0.4,8,0.2,13,0.4,15,0.4
"간(C22)","계","30-34세",73,1.9,51,1.4,72,2.1,55,1.7,41,1.3
"간(C22)","계","35-39세",204,5.3,184,4.7,196,4.9,203,5.0,199,5.0
"간(C22)","계","40-44세",536,12.2,483,11.4,466,11.4,403,10.2,369,9.6
"간(C22)","계","45-49세",1108,25.3,1046,23.4,1010,22.3,893,19.7,799,17.8
"간(C22)","계","50-54세",1886,44.2,1752,42.0,1570,38.2,1479,35.6,1517,35.6
"간(C22)","계","55-59세",2417,62.3,2450,60.1,2389,56.6,2310,54.1,2100,49.3
"간(C22)","계","60-64세",2134,78.6,2247,75.8,2209,69.6,2301,68.2,2437,67.7
"간(C22)","계","65-69세",2016,95.6,2037,93.2,1984,87.7,2059,87.8,1961,80.2
"간(C22)","계","70-74세",2053,115.5,1960,111.0,1875,106.2,1881,103.7,2032,106.8
"간(C22)","계","75-79세",1767,130.5,1837,130.5,1875,124.5,2015,127.1,1963,122.4
"간(C22)","계","80-84세",1092,137.5,1193,138.0,1259,135.6,1351,136.5,1332,126.1
"간(C22)","계","85세이상",639,123.4,676,121.3,731,121.1,836,127.7,813,114.0
"간(C22)","계","연령미상",-,-,-,-,-,-,-,-,-,-
"간(C22)","남자","계",11882,46.7,11904,46.6,11693,45.7,11794,46.1,11541,45.1
"간(C22)","남자","0-4세",12,1.0,8,0.7,10,0.9,4,0.4,10,1.0
"간(C22)","남자","5-9세",2,0.2,3,0.2,1,0.1,1,0.1,1,0.1
"간(C22)","남자","10-14세",1,0.1,3,0.2,-,-,-,-,-,-
"간(C22)","남자","15-19세",3,0.2,3,0.2,2,0.1,5,0.3,3,0.2
"간(C22)","남자","20-24세",2,0.1,2,0.1,3,0.2,7,0.4,3,0.2
"간(C22)","남자","25-29세",11,0.7,10,0.6,7,0.4,9,0.5,7,0.4
"간(C22)","남자","30-34세",47,2.4,38,2.1,50,2.9,36,2.2,23,1.4
"간(C22)","남자","35-39세",158,8.0,131,6.5,146,7.2,157,7.6,148,7.3
"간(C22)","남자","40-44세",436,19.4,401,18.5,383,18.4,323,16.1,287,14.6
"간(C22)","남자","45-49세",943,42.6,889,39.4,842,36.7,753,32.8,674,29.6
"간(C22)","남자","50-54세",1582,73.2,1486,70.1,1339,64.1,1247,59.4,1284,59.8
"간(C22)","남자","55-59세",2017,104.1,2050,100.8,1996,94.6,1945,90.9,1746,81.7
"간(C22)","남자","60-64세",1666,125.1,1788,123.0,1778,113.9,1870,112.3,1950,109.7
"간(C22)","남자","65-69세",1501,148.5,1525,145.4,1498,137.8,1564,138.6,1480,125.6
"간(C22)","남자","70-74세",1427,180.2,1356,170.6,1357,168.9,1329,159.2,1434,162.3
"간(C22)","남자","75-79세",1154,211.4,1210,210.5,1225,196.5,1349,203.5,1290,190.9
"간(C22)","남자","80-84세",640,239.0,689,230.4,737,224.6,803,225.4,806,208.4
"간(C22)","남자","85세이상",280,214.3,312,221.6,319,206.4,392,229.2,395,207.4
"간(C22)","남자","연령미상",-,-,-,-,-,-,-,-,-,-
"간(C22)","여자","계",4089,16.0,4060,15.9,3977,15.5,4040,15.7,4064,15.8
"간(C22)","여자","0-4세",6,0.5,10,0.9,3,0.3,6,0.6,8,0.9
"간(C22)","여자","5-9세",1,0.1,1,0.1,-,-,2,0.2,1,0.1
"간(C22)","여자","10-14세",1,0.1,-,-,1,0.1,1,0.1,-,-
"간(C22)","여자","15-19세",1,0.1,2,0.1,1,0.1,2,0.1,1,0.1
"간(C22)","여자","20-24세",2,0.1,2,0.1,5,0.3,7,0.4,-,-
"간(C22)","여자","25-29세",4,0.3,4,0.3,1,0.1,4,0.3,8,0.5
"간(C22)","여자","30-34세",26,1.4,13,0.7,22,1.3,19,1.2,18,1.2
"간(C22)","여자","35-39세",46,2.4,53,2.7,50,2.5,46,2.3,51,2.6
"간(C22)","여자","40-44세",100,4.6,82,3.9,83,4.1,80,4.1,82,4.3
"간(C22)","여자","45-49세",165,7.6,157,7.1,168,7.5,140,6.3,125,5.7
"간(C22)","여자","50-54세",304,14.4,266,13.0,231,11.4,232,11.3,233,11.0
"간(C22)","여자","55-59세",400,20.6,400,19.6,393,18.6,365,17.1,354,16.7
"간(C22)","여자","60-64세",468,33.8,459,30.4,431,26.7,431,25.2,487,26.7
"간(C22)","여자","65-69세",515,46.9,512,45.0,486,41.4,495,40.7,481,38.0
"간(C22)","여자","70-74세",626,63.5,604,62.2,518,53.8,552,56.4,598,58.7
"간(C22)","여자","75-79세",613,75.9,627,75.2,650,73.6,666,72.2,673,72.6
"간(C22)","여자","80-84세",452,85.9,504,89.2,522,86.9,548,86.5,526,78.6
"간(C22)","여자","85세이상",359,92.7,364,87.4,412,91.8,444,91.8,418,80.0
"간(C22)","여자","연령미상",-,-,-,-,-,-,-,-,-,-
"담낭 및 기타 담도(C23-C24)","계","계",6319,12.4,6761,13.2,6919,13.5,7235,14.1,7383,14.4
"담낭 및 기타 담도(C23-C24)","계","0-4세",-,-,-,-,-,-,-,-,-,-
"담낭 및 기타 담도(C23-C24)","계","5-9세",-,-,-,-,-,-,1,-,-,-
"담낭 및 기타 담도(C23-C24)","계","10-14세",-,-,-,-,-,-,-,-,-,-
"담낭 및 기타 담도(C23-C24)","계","15-19세",-,-,1,-,-,-,-,-,-,-
"담낭 및 기타 담도(C23-C24)","계","20-24세",1,-,2,0.1,2,0.1,1,-,1,-
"담낭 및 기타 담도(C23-C24)","계","25-29세",3,0.1,2,0.1,4,0.1,2,0.1,1,-
"담낭 및 기타 담도(C23-C24)","계","30-34세",7,0.2,8,0.2,8,0.2,5,0.2,7,0.2
"담낭 및 기타 담도(C23-C24)","계","35-39세",18,0.5,16,0.4,18,0.5,15,0.4,30,0.8
"담낭 및 기타 담도(C23-C24)","계","40-44세",71,1.6,58,1.4,66,1.6,55,1.4,54,1.4
"담낭 및 기타 담도(C23-C24)","계","45-49세",141,3.2,144,3.2,124,2.7,129,2.8,140,3.1
"담낭 및 기타 담도(C23-C24)","계","50-54세",303,7.1,290,7.0,258,6.3,216,5.2,257,6.0
"담낭 및 기타 담도(C23-C24)","계","55-59세",485,12.5,497,12.2,515,12.2,557,13.0,488,11.5
"담낭 및 기타 담도(C23-C24)","계","60-64세",692,25.5,733,24.7,735,23.1,794,23.5,778,21.6
"담낭 및 기타 담도(C23-C24)","계","65-69세",853,40.4,934,42.7,987,43.6,968,41.3,1008,41.2
"담낭 및 기타 담도(C23-C24)","계","70-74세",1153,64.9,1139,64.5,1063,60.2,1174,64.7,1185,62.3
"담낭 및 기타 담도(C23-C24)","계","75-79세",1166,86.1,1310,93.0,1334,88.6,1382,87.2,1378,86.0
"담낭 및 기타 담도(C23-C24)","계","80-84세",849,106.9,927,107.2,1042,112.2,1098,110.9,1149,108.8
"담낭 및 기타 담도(C23-C24)","계","85세이상",577,111.4,700,125.6,763,126.4,838,128.0,907,127.2
"담낭 및 기타 담도(C23-C24)","계","연령미상",-,-,-,-,-,-,-,-,-,-
"담낭 및 기타 담도(C23-C24)","남자","계",3256,12.8,3530,13.8,3596,14.1,3865,15.1,3896,15.2
"담낭 및 기타 담도(C23-C24)","남자","0-4세",-,-,-,-,-,-,-,-,-,-
"담낭 및 기타 담도(C23-C24)","남자","5-9세",-,-,-,-,-,-,1,0.1,-,-
"담낭 및 기타 담도(C23-C24)","남자","10-14세",-,-,-,-,-,-,-,-,-,-
"담낭 및 기타 담도(C23-C24)","남자","15-19세",-,-,-,-,-,-,-,-,-,-
"담낭 및 기타 담도(C23-C24)","남자","20-24세",-,-,2,0.1,1,0.1,1,0.1,-,-
"담낭 및 기타 담도(C23-C24)","남자","25-29세",3,0.2,-,-,1,0.1,-,-,-,-
"담낭 및 기타 담도(C23-C24)","남자","30-34세",3,0.2,5,0.3,4,0.2,3,0.2,3,0.2
"담낭 및 기타 담도(C23-C24)","남자","35-39세",6,0.3,6,0.3,9,0.4,10,0.5,16,0.8
"담낭 및 기타 담도(C23-C24)","남자","40-44세",41,1.8,37,1.7,37,1.8,21,1.0,27,1.4
"담낭 및 기타 담도(C23-C24)","남자","45-49세",61,2.8,79,3.5,65,2.8,66,2.9,76,3.3
"담낭 및 기타 담도(C23-C24)","남자","50-54세",172,8.0,163,7.7,141,6.8,112,5.3,165,7.7
"담낭 및 기타 담도(C23-C24)","남자","55-59세",300,15.5,302,14.8,331,15.7,327,15.3,286,13.4
"담낭 및 기타 담도(C23-C24)","남자","60-64세",399,30.0,458,31.5,424,27.2,496,29.8,476,26.8
"담낭 및 기타 담도(C23-C24)","남자","65-69세",499,49.4,570,54.3,581,53.4,591,52.4,609,51.7
"담낭 및 기타 담도(C23-C24)","남자","70-74세",640,80.8,603,75.9,566,70.4,717,85.9,676,76.5
"담낭 및 기타 담도(C23-C24)","남자","75-79세",575,105.3,659,114.6,717,115.0,772,116.5,736,108.9
"담낭 및 기타 담도(C23-C24)","남자","80-84세",368,137.4,417,139.4,462,140.8,475,133.3,528,136.5
"담낭 및 기타 담도(C23-C24)","남자","85세이상",189,144.7,229,162.7,257,166.3,273,159.6,298,156.5
"담낭 및 기타 담도(C23-C24)","남자","연령미상",-,-,-,-,-,-,-,-,-,-
"담낭 및 기타 담도(C23-C24)","여자","계",3063,12.0,3231,12.6,3323,13.0,3370,13.1,3487,13.6
"담낭 및 기타 담도(C23-C24)","여자","0-4세",-,-,-,-,-,-,-,-,-,-
"담낭 및 기타 담도(C23-C24)","여자","5-9세",-,-,-,-,-,-,-,-,-,-
"담낭 및 기타 담도(C23-C24)","여자","10-14세",-,-,-,-,-,-,-,-,-,-
"담낭 및 기타 담도(C23-C24)","여자","15-19세",-,-,1,0.1,-,-,-,-,-,-
"담낭 및 기타 담도(C23-C24)","여자","20-24세",1,0.1,-,-,1,0.1,-,-,1,0.1
"담낭 및 기타 담도(C23-C24)","여자","25-29세",-,-,2,0.1,3,0.2,2,0.1,1,0.1
"담낭 및 기타 담도(C23-C24)","여자","30-34세",4,0.2,3,0.2,4,0.2,2,0.1,4,0.3
"담낭 및 기타 담도(C23-C24)","여자","35-39세",12,0.6,10,0.5,9,0.5,5,0.3,14,0.7
"담낭 및 기타 담도(C23-C24)","여자","40-44세",30,1.4,21,1.0,29,1.4,34,1.7,27,1.4
"담낭 및 기타 담도(C23-C24)","여자","45-49세",80,3.7,65,2.9,59,2.6,63,2.8,64,2.9
"담낭 및 기타 담도(C23-C24)","여자","50-54세",131,6.2,127,6.2,117,5.8,104,5.1,92,4.4
"담낭 및 기타 담도(C23-C24)","여자","55-59세",185,9.5,195,9.6,184,8.7,230,10.8,202,9.5
"담낭 및 기타 담도(C23-C24)","여자","60-64세",293,21.2,275,18.2,311,19.3,298,17.4,302,16.6
"담낭 및 기타 담도(C23-C24)","여자","65-69세",354,32.2,364,32.0,406,34.6,377,31.0,399,31.5
"담낭 및 기타 담도(C23-C24)","여자","70-74세",513,52.1,536,55.2,497,51.7,457,46.7,509,50.0
"담낭 및 기타 담도(C23-C24)","여자","75-79세",591,73.2,651,78.1,617,69.9,610,66.1,642,69.2
"담낭 및 기타 담도(C23-C24)","여자","80-84세",481,91.4,510,90.2,580,96.6,623,98.4,621,92.8
"담낭 및 기타 담도(C23-C24)","여자","85세이상",388,100.2,471,113.1,506,112.7,565,116.9,609,116.5
"담낭 및 기타 담도(C23-C24)","여자","연령미상",-,-,-,-,-,-,-,-,-,-
"췌장(C25)","계","계",6411,12.6,6757,13.2,7136,13.9,7674,15.0,8099,15.8
"췌장(C25)","계","0-4세",-,-,1,-,-,-,2,0.1,1,0.1
"췌장(C25)","계","5-9세",-,-,1,-,3,0.1,2,0.1,1,-
"췌장(C25)","계","10-14세",5,0.2,4,0.2,10,0.4,7,0.3,5,0.2
"췌장(C25)","계","15-19세",5,0.2,10,0.3,5,0.2,9,0.3,12,0.4
"췌장(C25)","계","20-24세",7,0.2,9,0.3,12,0.3,18,0.5,13,0.4
"췌장(C25)","계","25-29세",10,0.3,12,0.4,17,0.5,25,0.7,24,0.7
"췌장(C25)","계","30-34세",34,0.9,35,1.0,31,0.9,25,0.8,33,1.0
"췌장(C25)","계","35-39세",38,1.0,59,1.5,65,1.6,80,2.0,73,1.8
"췌장(C25)","계","40-44세",105,2.4,104,2.4,135,3.3,118,3.0,117,3.0
"췌장(C25)","계","45-49세",214,4.9,220,4.9,232,5.1,239,5.3,239,5.3
"췌장(C25)","계","50-54세",405,9.5,430,10.3,392,9.5,371,8.9,431,10.1
"췌장(C25)","계","55-59세",667,17.2,691,17.0,719,17.0,813,19.0,805,18.9
"췌장(C25)","계","60-64세",748,27.5,814,27.4,843,26.5,1000,29.6,1031,28.6
"췌장(C25)","계","65-69세",960,45.5,882,40.4,965,42.7,1006,42.9,1107,45.3
"췌장(C25)","계","70-74세",1031,58.0,1089,61.7,1082,61.3,1084,59.8,1172,61.6
"췌장(C25)","계","75-79세",984,72.7,1076,76.4,1238,82.2,1293,81.6,1308,81.6
"췌장(C25)","계","80-84세",715,90.0,791,91.5,836,90.0,930,94.0,1007,95.3
"췌장(C25)","계","85세이상",483,93.3,529,94.9,551,91.3,652,99.6,720,101.0
"췌장(C25)","계","연령미상",-,-,-,-,-,-,-,-,-,-
"췌장(C25)","남자","계",3391,13.3,3427,13.4,3772,14.7,4047,15.8,4150,16.2
"췌장(C25)","남자","0-4세",-,-,1,0.1,-,-,2,0.2,1,0.1
"췌장(C25)","남자","5-9세",-,-,-,-,-,-,-,-,-,-
"췌장(C25)","남자","10-14세",2,0.2,1,0.1,1,0.1,3,0.2,3,0.3
"췌장(C25)","남자","15-19세",1,0.1,1,0.1,-,-,2,0.1,2,0.1
"췌장(C25)","남자","20-24세",1,0.1,3,0.2,3,0.2,5,0.3,-,-
"췌장(C25)","남자","25-29세",4,0.2,5,0.3,4,0.2,6,0.3,9,0.5
"췌장(C25)","남자","30-34세",19,1.0,15,0.8,16,0.9,9,0.5,14,0.9
"췌장(C25)","남자","35-39세",22,1.1,31,1.5,37,1.8,38,1.8,41,2.0
"췌장(C25)","남자","40-44세",61,2.7,66,3.1,77,3.7,67,3.3,65,3.3
"췌장(C25)","남자","45-49세",139,6.3,126,5.6,139,6.1,139,6.0,150,6.6
"췌장(C25)","남자","50-54세",247,11.4,277,13.1,262,12.5,219,10.4,263,12.2
"췌장(C25)","남자","55-59세",398,20.5,427,21.0,453,21.5,518,24.2,483,22.6
"췌장(C25)","남자","60-64세",465,34.9,481,33.1,525,33.6,593,35.6,597,33.6
"췌장(C25)","남자","65-69세",547,54.1,520,49.6,577,53.1,586,51.9,630,53.5
"췌장(C25)","남자","70-74세",594,75.0,566,71.2,585,72.8,604,72.3,632,71.5
"췌장(C25)","남자","75-79세",450,82.4,478,83.1,595,95.5,626,94.4,621,91.9
"췌장(C25)","남자","80-84세",285,106.4,294,98.3,344,104.8,413,115.9,409,105.7
"췌장(C25)","남자","85세이상",156,119.4,135,95.9,154,99.6,217,126.9,230,120.8
"췌장(C25)","남자","연령미상",-,-,-,-,-,-,-,-,-,-
"췌장(C25)","여자","계",3020,11.8,3330,13.0,3364,13.1,3627,14.1,3949,15.3
"췌장(C25)","여자","0-4세",-,-,-,-,-,-,-,-,-,-
"췌장(C25)","여자","5-9세",-,-,1,0.1,3,0.3,2,0.2,1,0.1
"췌장(C25)","여자","10-14세",3,0.2,3,0.3,9,0.8,4,0.4,2,0.2
"췌장(C25)","여자","15-19세",4,0.3,9,0.6,5,0.3,7,0.5,10,0.8
"췌장(C25)","여자","20-24세",6,0.4,6,0.4,9,0.5,13,0.8,13,0.8
"췌장(C25)","여자","25-29세",6,0.4,7,0.5,13,0.8,19,1.2,15,0.9
"췌장(C25)","여자","30-34세",15,0.8,20,1.1,15,0.9,16,1.0,19,1.2
"췌장(C25)","여자","35-39세",16,0.8,28,1.4,28,1.4,42,2.1,32,1.6
"췌장(C25)","여자","40-44세",44,2.0,38,1.8,58,2.9,51,2.6,52,2.7
"췌장(C25)","여자","45-49세",75,3.5,94,4.3,93,4.1,100,4.5,89,4.0
"췌장(C25)","여자","50-54세",158,7.5,153,7.5,130,6.4,152,7.4,168,8.0
"췌장(C25)","여자","55-59세",269,13.8,264,12.9,266,12.6,295,13.8,322,15.2
"췌장(C25)","여자","60-64세",283,20.5,333,22.0,318,19.7,407,23.8,434,23.8
"췌장(C25)","여자","65-69세",413,37.6,362,31.8,388,33.0,420,34.5,477,37.7
"췌장(C25)","여자","70-74세",437,44.3,523,53.9,497,51.7,480,49.0,540,53.0
"췌장(C25)","여자","75-79세",534,66.1,598,71.8,643,72.8,667,72.3,687,74.1
"췌장(C25)","여자","80-84세",430,81.7,497,87.9,492,81.9,517,81.6,598,89.3
"췌장(C25)","여자","85세이상",327,84.5,394,94.6,397,88.5,435,90.0,490,93.7
"췌장(C25)","여자","연령미상",-,-,-,-,-,-,-,-,-,-
"후두(C32)","계","계",1162,2.3,1188,2.3,1238,2.4,1153,2.2,1222,2.4
"후두(C32)","계","0-4세",-,-,-,-,-,-,-,-,1,0.1
"후두(C32)","계","5-9세",-,-,-,-,-,-,-,-,-,-
"후두(C32)","계","10-14세",-,-,-,-,-,-,-,-,-,-
"후두(C32)","계","15-19세",-,-,1,-,-,-,1,-,-,-
"후두(C32)","계","20-24세",1,-,-,-,-,-,-,-,1,-
"후두(C32)","계","25-29세",-,-,-,-,-,-,1,-,1,-
"후두(C32)","계","30-34세",3,0.1,1,-,1,-,1,-,1,-
"후두(C32)","계","35-39세",4,0.1,3,0.1,3,0.1,2,-,4,0.1
"후두(C32)","계","40-44세",12,0.3,9,0.2,11,0.3,5,0.1,6,0.2
"후두(C32)","계","45-49세",40,0.9,29,0.6,34,0.7,25,0.6,21,0.5
"후두(C32)","계","50-54세",85,2.0,86,2.1,85,2.1,76,1.8,60,1.4
"후두(C32)","계","55-59세",172,4.4,163,4.0,184,4.4,149,3.5,166,3.9
"후두(C32)","계","60-64세",194,7.1,212,7.1,195,6.1,214,6.3,250,6.9
"후두(C32)","계","65-69세",195,9.2,196,9.0,216,9.5,210,9.0,199,8.1
"후두(C32)","계","70-74세",210,11.8,207,11.7,186,10.5,200,11.0,172,9.0
"후두(C32)","계","75-79세",135,10.0,153,10.9,185,12.3,158,10.0,176,11.0
"후두(C32)","계","80-84세",75,9.4,92,10.6,94,10.1,79,8.0,110,10.4
"후두(C32)","계","85세이상",36,7.0,36,6.5,44,7.3,32,4.9,54,7.6
"후두(C32)","계","연령미상",-,-,-,-,-,-,-,-,-,-
"후두(C32)","남자","계",1095,4.3,1120,4.4,1159,4.5,1090,4.3,1154,4.5
"후두(C32)","남자","0-4세",-,-,-,-,-,-,-,-,1,0.1
"후두(C32)","남자","5-9세",-,-,-,-,-,-,-,-,-,-
"후두(C32)","남자","10-14세",-,-,-,-,-,-,-,-,-,-
"후두(C32)","남자","15-19세",-,-,1,0.1,-,-,-,-,-,-
"후두(C32)","남자","20-24세",-,-,-,-,-,-,-,-,-,-
"후두(C32)","남자","25-29세",-,-,-,-,-,-,1,0.1,1,0.1
"후두(C32)","남자","30-34세",2,0.1,1,0.1,-,-,-,-,-,-
"후두(C32)","남자","35-39세",3,0.2,3,0.1,3,0.1,1,-,2,0.1
"후두(C32)","남자","40-44세",11,0.5,8,0.4,9,0.4,4,0.2,5,0.3
"후두(C32)","남자","45-49세",38,1.7,27,1.2,30,1.3,22,1.0,20,0.9
"후두(C32)","남자","50-54세",79,3.7,83,3.9,73,3.5,76,3.6,57,2.7
"후두(C32)","남자","55-59세",165,8.5,156,7.7,175,8.3,142,6.6,158,7.4
"후두(C32)","남자","60-64세",185,13.9,199,13.7,187,12.0,204,12.2,239,13.4
"후두(C32)","남자","65-69세",189,18.7,187,17.8,210,19.3,199,17.6,193,16.4
"후두(C32)","남자","70-74세",201,25.4,194,24.4,178,22.2,188,22.5,168,19.0
"후두(C32)","남자","75-79세",128,23.5,146,25.4,171,27.4,151,22.8,162,24.0
"후두(C32)","남자","80-84세",63,23.5,86,28.8,88,26.8,75,21.1,102,26.4
"후두(C32)","남자","85세이상",31,23.7,29,20.6,35,22.6,27,15.8,46,24.2
"후두(C32)","남자","연령미상",-,-,-,-,-,-,-,-,-,-
"후두(C32)","여자","계",67,0.3,68,0.3,79,0.3,63,0.2,68,0.3
"후두(C32)","여자","0-4세",-,-,-,-,-,-,-,-,-,-
"후두(C32)","여자","5-9세",-,-,-,-,-,-,-,-,-,-
"후두(C32)","여자","10-14세",-,-,-,-,-,-,-,-,-,-
"후두(C32)","여자","15-19세",-,-,-,-,-,-,1,0.1,-,-
"후두(C32)","여자","20-24세",1,0.1,-,-,-,-,-,-,1,0.1
"후두(C32)","여자","25-29세",-,-,-,-,-,-,-,-,-,-
"후두(C32)","여자","30-34세",1,0.1,-,-,1,0.1,1,0.1,1,0.1
"후두(C32)","여자","35-39세",1,0.1,-,-,-,-,1,0.1,2,0.1
"후두(C32)","여자","40-44세",1,-,1,-,2,0.1,1,0.1,1,0.1
"후두(C32)","여자","45-49세",2,0.1,2,0.1,4,0.2,3,0.1,1,-
"후두(C32)","여자","50-54세",6,0.3,3,0.1,12,0.6,-,-,3,0.1
"후두(C32)","여자","55-59세",7,0.4,7,0.3,9,0.4,7,0.3,8,0.4
"후두(C32)","여자","60-64세",9,0.7,13,0.9,8,0.5,10,0.6,11,0.6
"후두(C32)","여자","65-69세",6,0.5,9,0.8,6,0.5,11,0.9,6,0.5
"후두(C32)","여자","70-74세",9,0.9,13,1.3,8,0.8,12,1.2,4,0.4
"후두(C32)","여자","75-79세",7,0.9,7,0.8,14,1.6,7,0.8,14,1.5
"후두(C32)","여자","80-84세",12,2.3,6,1.1,6,1.0,4,0.6,8,1.2
"후두(C32)","여자","85세이상",5,1.3,7,1.7,9,2.0,5,1.0,8,1.5
"후두(C32)","여자","연령미상",-,-,-,-,-,-,-,-,-,-
"폐(C33-C34)","계","계",24724,48.5,26250,51.4,27464,53.6,28891,56.3,29960,58.4
"폐(C33-C34)","계","0-4세",3,0.1,1,-,-,-,1,-,-,-
"폐(C33-C34)","계","5-9세",1,-,-,-,-,-,-,-,-,-
"폐(C33-C34)","계","10-14세",1,-,3,0.1,-,-,-,-,-,-
"폐(C33-C34)","계","15-19세",3,0.1,13,0.4,7,0.2,3,0.1,6,0.2
"폐(C33-C34)","계","20-24세",17,0.5,11,0.3,12,0.3,11,0.3,14,0.4
"폐(C33-C34)","계","25-29세",12,0.4,32,1.0,28,0.9,25,0.7,30,0.9
"폐(C33-C34)","계","30-34세",57,1.5,68,1.9,50,1.5,51,1.6,57,1.8
"폐(C33-C34)","계","35-39세",146,3.8,141,3.6,113,2.8,161,4.0,157,4.0
"폐(C33-C34)","계","40-44세",342,7.8,315,7.4,354,8.6,307,7.8,318,8.2
"폐(C33-C34)","계","45-49세",606,13.9,675,15.1,652,14.4,695,15.3,690,15.4
"폐(C33-C34)","계","50-54세",1355,31.8,1345,32.2,1308,31.9,1359,32.7,1310,30.8
"폐(C33-C34)","계","55-59세",2334,60.1,2536,62.2,2607,61.7,2497,58.4,2534,59.5
"폐(C33-C34)","계","60-64세",2910,107.2,3377,113.9,3520,110.8,3849,114.0,4030,111.9
"폐(C33-C34)","계","65-69세",3712,176.0,3917,179.2,4202,185.8,4381,186.8,4470,182.9
"폐(C33-C34)","계","70-74세",4626,260.3,4585,259.7,4596,260.3,4653,256.5,5035,264.7
"폐(C33-C34)","계","75-79세",4291,317.0,4447,315.8,4853,322.2,5308,334.8,5299,330.5
"폐(C33-C34)","계","80-84세",2722,342.7,3027,350.2,3255,350.6,3519,355.6,3762,356.2
"폐(C33-C34)","계","85세이상",1586,306.3,1756,315.1,1907,316.0,2070,316.3,2248,315.2
"폐(C33-C34)","계","연령미상",-,-,1,-,-,-,1,-,-,-
"폐(C33-C34)","남자","계",17292,67.9,18090,70.9,18962,74.1,19700,76.9,20331,79.4
"폐(C33-C34)","남자","0-4세",1,0.1,-,-,-,-,-,-,-,-
"폐(C33-C34)","남자","5-9세",-,-,-,-,-,-,-,-,-,-
"폐(C33-C34)","남자","10-14세",1,0.1,-,-,-,-,-,-,-,-
"폐(C33-C34)","남자","15-19세",1,0.1,9,0.5,4,0.3,1,0.1,3,0.2
"폐(C33-C34)","남자","20-24세",10,0.5,9,0.5,8,0.4,4,0.2,8,0.5
"폐(C33-C34)","남자","25-29세",3,0.2,13,0.8,16,0.9,16,0.9,8,0.4
"폐(C33-C34)","남자","30-34세",27,1.4,32,1.7,28,1.6,20,1.2,24,1.5
"폐(C33-C34)","남자","35-39세",63,3.2,74,3.7,59,2.9,88,4.3,81,4.0
"폐(C33-C34)","남자","40-44세",173,7.7,162,7.5,176,8.5,150,7.5,162,8.3
"폐(C33-C34)","남자","45-49세",339,15.3,332,14.7,344,15.0,363,15.8,334,14.7
"폐(C33-C34)","남자","50-54세",828,38.3,784,37.0,769,36.8,778,37.0,724,33.7
"폐(C33-C34)","남자","55-59세",1530,79.0,1625,79.9,1673,79.3,1533,71.7,1573,73.6
"폐(C33-C34)","남자","60-64세",2135,160.3,2394,164.7,2468,158.1,2585,155.2,2674,150.4
"폐(C33-C34)","남자","65-69세",2847,281.6,2948,281.1,3149,289.6,3281,290.7,3235,274.6
"폐(C33-C34)","남자","70-74세",3498,441.7,3462,435.6,3424,426.1,3448,413.0,3771,426.7
"폐(C33-C34)","남자","75-79세",3184,583.3,3276,569.9,3598,577.2,3898,588.0,3846,569.1
"폐(C33-C34)","남자","80-84세",1807,674.7,2045,683.8,2250,685.7,2416,678.2,2596,671.2
"폐(C33-C34)","남자","85세이상",845,646.8,924,656.4,996,644.4,1118,653.8,1292,678.4
"폐(C33-C34)","남자","연령미상",-,-,1,-,-,-,1,-,-,-
"폐(C33-C34)","여자","계",7432,29.2,8160,31.9,8502,33.1,9191,35.8,9629,37.4
"폐(C33-C34)","여자","0-4세",2,0.2,1,0.1,-,-,1,0.1,-,-
"폐(C33-C34)","여자","5-9세",1,0.1,-,-,-,-,-,-,-,-
"폐(C33-C34)","여자","10-14세",-,-,3,0.3,-,-,-,-,-,-
"폐(C33-C34)","여자","15-19세",2,0.1,4,0.3,3,0.2,2,0.1,3,0.2
"폐(C33-C34)","여자","20-24세",7,0.4,2,0.1,4,0.2,7,0.4,6,0.4
"폐(C33-C34)","여자","25-29세",9,0.6,19,1.3,12,0.8,9,0.6,22,1.4
"폐(C33-C34)","여자","30-34세",30,1.6,36,2.1,22,1.3,31,2.0,33,2.2
"폐(C33-C34)","여자","35-39세",83,4.4,67,3.5,54,2.8,73,3.7,76,3.9
"폐(C33-C34)","여자","40-44세",169,7.8,153,7.3,178,8.8,157,8.0,156,8.2
"폐(C33-C34)","여자","45-49세",267,12.4,343,15.5,308,13.7,332,14.9,356,16.1
"폐(C33-C34)","여자","50-54세",527,25.0,561,27.4,539,26.7,581,28.3,586,27.7
"폐(C33-C34)","여자","55-59세",804,41.3,911,44.6,934,44.2,964,45.2,961,45.3
"폐(C33-C34)","여자","60-64세",775,56.0,983,65.0,1052,65.1,1264,73.9,1356,74.4
"폐(C33-C34)","여자","65-69세",865,78.7,969,85.2,1053,89.6,1100,90.4,1235,97.6
"폐(C33-C34)","여자","70-74세",1128,114.5,1123,115.7,1172,121.8,1205,123.0,1264,124.1
"폐(C33-C34)","여자","75-79세",1107,137.0,1171,140.5,1255,142.1,1410,152.9,1453,156.7
"폐(C33-C34)","여자","80-84세",915,173.8,982,173.7,1005,167.4,1103,174.1,1166,174.2
"폐(C33-C34)","여자","85세이상",741,191.4,832,199.7,911,203.0,952,196.9,956,182.9
"폐(C33-C34)","여자","연령미상",-,-,-,-,-,-,-,-,-,-
"유방(C50)","계","계",19406,38.1,21989,43.0,22641,44.2,23723,46.2,24933,48.6
"유방(C50)","계","0-4세",-,-,-,-,-,-,-,-,-,-
"유방(C50)","계","5-9세",-,-,-,-,-,-,-,-,-,-
"유방(C50)","계","10-14세",-,-,-,-,1,-,-,-,1,-
"유방(C50)","계","15-19세",3,0.1,3,0.1,7,0.2,3,0.1,3,0.1
"유방(C50)","계","20-24세",24,0.7,37,1.0,31,0.9,34,1.0,30,0.9
"유방(C50)","계","25-29세",156,5.0,144,4.6,151,4.6,121,3.6,170,5.0
"유방(C50)","계","30-34세",540,14.2,594,16.5,522,15.4,499,15.5,523,16.6
"유방(C50)","계","35-39세",1260,32.5,1514,38.4,1510,37.8,1502,37.3,1544,39.0
"유방(C50)","계","40-44세",2922,66.3,3060,71.9,2947,71.8,3066,77.4,3025,78.4
"유방(C50)","계","45-49세",3710,84.8,4246,95.2,4387,96.7,4626,102.1,4700,104.9
"유방(C50)","계","50-54세",3349,78.5,3568,85.5,3596,87.6,3734,89.9,3960,93.0
"유방(C50)","계","55-59세",2588,66.7,3074,75.4,3223,76.3,3404,79.7,3516,82.5
"유방(C50)","계","60-64세",1804,66.4,2154,72.6,2471,77.8,2593,76.8,3026,84.0
"유방(C50)","계","65-69세",1228,58.2,1387,63.5,1489,65.8,1601,68.2,1669,68.3
"유방(C50)","계","70-74세",914,51.4,1013,57.4,1026,58.1,1117,61.6,1259,66.2
"유방(C50)","계","75-79세",508,37.5,667,47.4,701,46.5,766,48.3,841,52.5
"유방(C50)","계","80-84세",273,34.4,345,39.9,386,41.6,407,41.1,432,40.9
"유방(C50)","계","85세이상",127,24.5,183,32.8,193,32.0,250,38.2,234,32.8
"유방(C50)","계","연령미상",-,-,-,-,-,-,-,-,-,-
"유방(C50)","남자","계",79,0.3,95,0.4,97,0.4,101,0.4,113,0.4
"유방(C50)","남자","0-4세",-,-,-,-,-,-,-,-,-,-
"유방(C50)","남자","5-9세",-,-,-,-,-,-,-,-,-,-
"유방(C50)","남자","10-14세",-,-,-,-,-,-,-,-,-,-
"유방(C50)","남자","15-19세",-,-,-,-,-,-,-,-,-,-
"유방(C50)","남자","20-24세",-,-,-,-,-,-,-,-,-,-
"유방(C50)","남자","25-29세",-,-,1,0.1,-,-,-,-,-,-
"유방(C50)","남자","30-34세",2,0.1,1,0.1,1,0.1,-,-,-,-
"유방(C50)","남자","35-39세",3,0.2,1,-,1,-,1,-,1,-
"유방(C50)","남자","40-44세",4,0.2,3,0.1,3,0.1,2,0.1,5,0.3
"유방(C50)","남자","45-49세",5,0.2,5,0.2,5,0.2,6,0.3,6,0.3
"유방(C50)","남자","50-54세",3,0.1,12,0.6,3,0.1,8,0.4,16,0.7
"유방(C50)","남자","55-59세",10,0.5,13,0.6,13,0.6,19,0.9,11,0.5
"유방(C50)","남자","60-64세",9,0.7,13,0.9,15,1.0,19,1.1,13,0.7
"유방(C50)","남자","65-69세",13,1.3,8,0.8,12,1.1,16,1.4,18,1.5
"유방(C50)","남자","70-74세",11,1.4,16,2.0,17,2.1,8,1.0,19,2.1
"유방(C50)","남자","75-79세",8,1.5,13,2.3,13,2.1,12,1.8,10,1.5
"유방(C50)","남자","80-84세",8,3.0,6,2.0,6,1.8,6,1.7,5,1.3
"유방(C50)","남자","85세이상",3,2.3,3,2.1,8,5.2,4,2.3,9,4.7
"유방(C50)","남자","연령미상",-,-,-,-,-,-,-,-,-,-
"유방(C50)","여자","계",19327,75.8,21894,85.6,22544,87.9,23622,91.9,24820,96.5
"유방(C50)","여자","0-4세",-,-,-,-,-,-,-,-,-,-
"유방(C50)","여자","5-9세",-,-,-,-,-,-,-,-,-,-
"유방(C50)","여자","10-14세",-,-,-,-,1,0.1,-,-,1,0.1
"유방(C50)","여자","15-19세",3,0.2,3,0.2,7,0.5,3,0.2,3,0.2
"유방(C50)","여자","20-24세",24,1.5,37,2.2,31,1.9,34,2.1,30,1.9
"유방(C50)","여자","25-29세",156,10.4,143,9.5,151,9.8,121,7.6,170,10.5
"유방(C50)","여자","30-34세",538,29.0,593,33.8,521,31.6,499,31.9,523,34.3
"유방(C50)","여자","35-39세",1257,65.9,1513,78.2,1509,76.9,1501,75.9,1543,79.5
"유방(C50)","여자","40-44세",2918,134.7,3057,146.2,2944,145.6,3064,157.1,3020,159.2
"유방(C50)","여자","45-49세",3705,171.7,4241,192.2,4382,195.5,4620,206.9,4694,212.9
"유방(C50)","여자","50-54세",3346,158.9,3556,173.4,3593,178.1,3726,181.4,3944,186.8
"유방(C50)","여자","55-59세",2578,132.5,3061,149.9,3210,151.8,3385,158.6,3505,165.1
"유방(C50)","여자","60-64세",1795,129.7,2141,141.6,2456,152.1,2574,150.5,3013,165.2
"유방(C50)","여자","65-69세",1215,110.6,1379,121.3,1477,125.7,1585,130.2,1651,130.4
"유방(C50)","여자","70-74세",903,91.6,997,102.7,1009,104.9,1109,113.2,1240,121.7
"유방(C50)","여자","75-79세",500,61.9,654,78.5,688,77.9,754,81.7,831,89.6
"유방(C50)","여자","80-84세",265,50.3,339,60.0,380,63.3,401,63.3,427,63.8
"유방(C50)","여자","85세이상",124,32.0,180,43.2,185,41.2,246,50.9,225,43.0
"유방(C50)","여자","연령미상",-,-,-,-,-,-,-,-,-,-
"자궁경부(C53)","계","계",3662,7.2,3618,7.1,3517,6.9,3524,6.9,3273,6.4
"자궁경부(C53)","계","0-4세",-,-,1,-,-,-,-,-,-,-
"자궁경부(C53)","계","5-9세",-,-,-,-,-,-,-,-,-,-
"자궁경부(C53)","계","10-14세",-,-,-,-,-,-,1,-,-,-
"자궁경부(C53)","계","15-19세",-,-,1,-,-,-,1,-,2,0.1
"자궁경부(C53)","계","20-24세",9,0.3,13,0.4,16,0.5,17,0.5,10,0.3
"자궁경부(C53)","계","25-29세",77,2.5,105,3.3,86,2.6,64,1.9,68,2.0
"자궁경부(C53)","계","30-34세",270,7.1,259,7.2,224,6.6,244,7.6,184,5.8
"자궁경부(C53)","계","35-39세",363,9.4,315,8.0,372,9.3,400,9.9,330,8.3
"자궁경부(C53)","계","40-44세",448,10.2,454,10.7,447,10.9,404,10.2,332,8.6
"자궁경부(C53)","계","45-49세",455,10.4,513,11.5,468,10.3,469,10.3,447,10.0
"자궁경부(C53)","계","50-54세",483,11.3,436,10.5,407,9.9,410,9.9,428,10.0
"자궁경부(C53)","계","55-59세",416,10.7,402,9.9,385,9.1,409,9.6,372,8.7
"자궁경부(C53)","계","60-64세",298,11.0,291,9.8,287,9.0,308,9.1,313,8.7
"자궁경부(C53)","계","65-69세",189,9.0,206,9.4,203,9.0,199,8.5,173,7.1
"자궁경부(C53)","계","70-74세",225,12.7,200,11.3,187,10.6,172,9.5,198,10.4
"자궁경부(C53)","계","75-79세",184,13.6,177,12.6,179,11.9,163,10.3,176,11.0
"자궁경부(C53)","계","80-84세",151,19.0,149,17.2,146,15.7,148,15.0,144,13.6
"자궁경부(C53)","계","85세이상",94,18.2,96,17.2,110,18.2,115,17.6,95,13.3
"자궁경부(C53)","계","연령미상",-,-,-,-,-,-,-,-,1,-
"자궁경부(C53)","남자","계",-,-,-,-,-,-,-,-,-,-
"자궁경부(C53)","남자","0-4세",-,-,-,-,-,-,-,-,-,-
"자궁경부(C53)","남자","5-9세",-,-,-,-,-,-,-,-,-,-
"자궁경부(C53)","남자","10-14세",-,-,-,-,-,-,-,-,-,-
"자궁경부(C53)","남자","15-19세",-,-,-,-,-,-,-,-,-,-
"자궁경부(C53)","남자","20-24세",-,-,-,-,-,-,-,-,-,-
"자궁경부(C53)","남자","25-29세",-,-,-,-,-,-,-,-,-,-
"자궁경부(C53)","남자","30-34세",-,-,-,-,-,-,-,-,-,-
"자궁경부(C53)","남자","35-39세",-,-,-,-,-,-,-,-,-,-
"자궁경부(C53)","남자","40-44세",-,-,-,-,-,-,-,-,-,-
"자궁경부(C53)","남자","45-49세",-,-,-,-,-,-,-,-,-,-
"자궁경부(C53)","남자","50-54세",-,-,-,-,-,-,-,-,-,-
"자궁경부(C53)","남자","55-59세",-,-,-,-,-,-,-,-,-,-
"자궁경부(C53)","남자","60-64세",-,-,-,-,-,-,-,-,-,-
"자궁경부(C53)","남자","65-69세",-,-,-,-,-,-,-,-,-,-
"자궁경부(C53)","남자","70-74세",-,-,-,-,-,-,-,-,-,-
"자궁경부(C53)","남자","75-79세",-,-,-,-,-,-,-,-,-,-
"자궁경부(C53)","남자","80-84세",-,-,-,-,-,-,-,-,-,-
"자궁경부(C53)","남자","85세이상",-,-,-,-,-,-,-,-,-,-
"자궁경부(C53)","남자","연령미상",-,-,-,-,-,-,-,-,-,-
"자궁경부(C53)","여자","계",3662,14.4,3618,14.1,3517,13.7,3524,13.7,3273,12.7
"자궁경부(C53)","여자","0-4세",-,-,1,0.1,-,-,-,-,-,-
"자궁경부(C53)","여자","5-9세",-,-,-,-,-,-,-,-,-,-
"자궁경부(C53)","여자","10-14세",-,-,-,-,-,-,1,0.1,-,-
"자궁경부(C53)","여자","15-19세",-,-,1,0.1,-,-,1,0.1,2,0.2
"자궁경부(C53)","여자","20-24세",9,0.5,13,0.8,16,1.0,17,1.0,10,0.6
"자궁경부(C53)","여자","25-29세",77,5.1,105,7.0,86,5.6,64,4.0,68,4.2
"자궁경부(C53)","여자","30-34세",270,14.6,259,14.8,224,13.6,244,15.6,184,12.1
"자궁경부(C53)","여자","35-39세",363,19.0,315,16.3,372,19.0,400,20.2,330,17.0
"자궁경부(C53)","여자","40-44세",448,20.7,454,21.7,447,22.1,404,20.7,332,17.5
"자궁경부(C53)","여자","45-49세",455,21.1,513,23.3,468,20.9,469,21.0,447,20.3
"자궁경부(C53)","여자","50-54세",483,22.9,436,21.3,407,20.2,410,20.0,428,20.3
"자궁경부(C53)","여자","55-59세",416,21.4,402,19.7,385,18.2,409,19.2,372,17.5
"자궁경부(C53)","여자","60-64세",298,21.5,291,19.3,287,17.8,308,18.0,313,17.2
"자궁경부(C53)","여자","65-69세",189,17.2,206,18.1,203,17.3,199,16.4,173,13.7
"자궁경부(C53)","여자","70-74세",225,22.8,200,20.6,187,19.4,172,17.6,198,19.4
"자궁경부(C53)","여자","75-79세",184,22.8,177,21.2,179,20.3,163,17.7,176,19.0
"자궁경부(C53)","여자","80-84세",151,28.7,149,26.4,146,24.3,148,23.4,144,21.5
"자궁경부(C53)","여자","85세이상",94,24.3,96,23.0,110,24.5,115,23.8,95,18.2
"자궁경부(C53)","여자","연령미상",-,-,-,-,-,-,-,-,1,-
"자궁체부(C54)","계","계",2443,4.8,2801,5.5,3008,5.9,3197,6.2,3287,6.4
"자궁체부(C54)","계","0-4세",-,-,-,-,-,-,-,-,-,-
"자궁체부(C54)","계","5-9세",-,-,-,-,-,-,-,-,-,-
"자궁체부(C54)","계","10-14세",1,-,-,-,-,-,-,-,-,-
"자궁체부(C54)","계","15-19세",3,0.1,3,0.1,2,0.1,2,0.1,4,0.1
"자궁체부(C54)","계","20-24세",13,0.4,13,0.4,15,0.4,15,0.4,22,0.7
"자궁체부(C54)","계","25-29세",36,1.2,37,1.2,49,1.5,37,1.1,52,1.5
"자궁체부(C54)","계","30-34세",88,2.3,87,2.4,91,2.7,90,2.8,103,3.3
"자궁체부(C54)","계","35-39세",124,3.2,122,3.1,154,3.9,164,4.1,163,4.1
"자궁체부(C54)","계","40-44세",187,4.2,208,4.9,237,5.8,257,6.5,245,6.4
"자궁체부(C54)","계","45-49세",314,7.2,380,8.5,410,9.0,409,9.0,411,9.2
"자궁체부(C54)","계","50-54세",463,10.9,523,12.5,531,12.9,578,13.9,591,13.9
"자궁체부(C54)","계","55-59세",479,12.3,584,14.3,576,13.6,596,13.9,601,14.1
"자궁체부(C54)","계","60-64세",279,10.3,342,11.5,402,12.7,438,13.0,473,13.1
"자궁체부(C54)","계","65-69세",184,8.7,213,9.7,217,9.6,259,11.0,267,10.9
"자궁체부(C54)","계","70-74세",126,7.1,127,7.2,136,7.7,162,8.9,181,9.5
"자궁체부(C54)","계","75-79세",78,5.8,103,7.3,112,7.4,114,7.2,91,5.7
"자궁체부(C54)","계","80-84세",49,6.2,37,4.3,48,5.2,50,5.1,48,4.5
"자궁체부(C54)","계","85세이상",19,3.7,22,3.9,28,4.6,26,4.0,35,4.9
"자궁체부(C54)","계","연령미상",-,-,-,-,-,-,-,-,-,-
"자궁체부(C54)","남자","계",-,-,-,-,-,-,-,-,-,-
"자궁체부(C54)","남자","0-4세",-,-,-,-,-,-,-,-,-,-
"자궁체부(C54)","남자","5-9세",-,-,-,-,-,-,-,-,-,-
"자궁체부(C54)","남자","10-14세",-,-,-,-,-,-,-,-,-,-
"자궁체부(C54)","남자","15-19세",-,-,-,-,-,-,-,-,-,-
"자궁체부(C54)","남자","20-24세",-,-,-,-,-,-,-,-,-,-
"자궁체부(C54)","남자","25-29세",-,-,-,-,-,-,-,-,-,-
"자궁체부(C54)","남자","30-34세",-,-,-,-,-,-,-,-,-,-
"자궁체부(C54)","남자","35-39세",-,-,-,-,-,-,-,-,-,-
"자궁체부(C54)","남자","40-44세",-,-,-,-,-,-,-,-,-,-
"자궁체부(C54)","남자","45-49세",-,-,-,-,-,-,-,-,-,-
"자궁체부(C54)","남자","50-54세",-,-,-,-,-,-,-,-,-,-
"자궁체부(C54)","남자","55-59세",-,-,-,-,-,-,-,-,-,-
"자궁체부(C54)","남자","60-64세",-,-,-,-,-,-,-,-,-,-
"자궁체부(C54)","남자","65-69세",-,-,-,-,-,-,-,-,-,-
"자궁체부(C54)","남자","70-74세",-,-,-,-,-,-,-,-,-,-
"자궁체부(C54)","남자","75-79세",-,-,-,-,-,-,-,-,-,-
"자궁체부(C54)","남자","80-84세",-,-,-,-,-,-,-,-,-,-
"자궁체부(C54)","남자","85세이상",-,-,-,-,-,-,-,-,-,-
"자궁체부(C54)","남자","연령미상",-,-,-,-,-,-,-,-,-,-
"자궁체부(C54)","여자","계",2443,9.6,2801,10.9,3008,11.7,3197,12.4,3287,12.8
"자궁체부(C54)","여자","0-4세",-,-,-,-,-,-,-,-,-,-
"자궁체부(C54)","여자","5-9세",-,-,-,-,-,-,-,-,-,-
"자궁체부(C54)","여자","10-14세",1,0.1,-,-,-,-,-,-,-,-
"자궁체부(C54)","여자","15-19세",3,0.2,3,0.2,2,0.1,2,0.1,4,0.3
"자궁체부(C54)","여자","20-24세",13,0.8,13,0.8,15,0.9,15,0.9,22,1.4
"자궁체부(C54)","여자","25-29세",36,2.4,37,2.5,49,3.2,37,2.3,52,3.2
"자궁체부(C54)","여자","30-34세",88,4.7,87,5.0,91,5.5,90,5.7,103,6.8
"자궁체부(C54)","여자","35-39세",124,6.5,122,6.3,154,7.9,164,8.3,163,8.4
"자궁체부(C54)","여자","40-44세",187,8.6,208,9.9,237,11.7,257,13.2,245,12.9
"자궁체부(C54)","여자","45-49세",314,14.5,380,17.2,410,18.3,409,18.3,411,18.6
"자궁체부(C54)","여자","50-54세",463,22.0,523,25.5,531,26.3,578,28.1,591,28.0
"자궁체부(C54)","여자","55-59세",479,24.6,584,28.6,576,27.2,596,27.9,601,28.3
"자궁체부(C54)","여자","60-64세",279,20.2,342,22.6,402,24.9,438,25.6,473,25.9
"자궁체부(C54)","여자","65-69세",184,16.7,213,18.7,217,18.5,259,21.3,267,21.1
"자궁체부(C54)","여자","70-74세",126,12.8,127,13.1,136,14.1,162,16.5,181,17.8
"자궁체부(C54)","여자","75-79세",78,9.7,103,12.4,112,12.7,114,12.4,91,9.8
"자궁체부(C54)","여자","80-84세",49,9.3,37,6.5,48,8.0,50,7.9,48,7.2
"자궁체부(C54)","여자","85세이상",19,4.9,22,5.3,28,6.2,26,5.4,35,6.7
"자궁체부(C54)","여자","연령미상",-,-,-,-,-,-,-,-,-,-
"난소(C56)","계","계",2497,4.9,2689,5.3,2749,5.4,2939,5.7,2888,5.6
"난소(C56)","계","0-4세",2,0.1,-,-,1,-,1,-,1,0.1
"난소(C56)","계","5-9세",3,0.1,4,0.2,12,0.5,2,0.1,4,0.2
"난소(C56)","계","10-14세",21,0.8,13,0.5,17,0.7,16,0.7,8,0.3
"난소(C56)","계","15-19세",33,1.0,32,1.0,33,1.1,20,0.7,36,1.3
"난소(C56)","계","20-24세",41,1.2,51,1.4,46,1.3,57,1.7,48,1.4
"난소(C56)","계","25-29세",48,1.5,57,1.8,54,1.7,54,1.6,71,2.1
"난소(C56)","계","30-34세",80,2.1,75,2.1,85,2.5,77,2.4,57,1.8
"난소(C56)","계","35-39세",104,2.7,110,2.8,106,2.7,141,3.5,128,3.2
"난소(C56)","계","40-44세",194,4.4,228,5.4,208,5.1,233,5.9,198,5.1
"난소(C56)","계","45-49세",350,8.0,328,7.4,400,8.8,402,8.9,352,7.9
"난소(C56)","계","50-54세",402,9.4,408,9.8,393,9.6,394,9.5,426,10.0
"난소(C56)","계","55-59세",298,7.7,396,9.7,384,9.1,405,9.5,416,9.8
"난소(C56)","계","60-64세",234,8.6,290,9.8,283,8.9,320,9.5,338,9.4
"난소(C56)","계","65-69세",203,9.6,205,9.4,189,8.4,229,9.8,228,9.3
"난소(C56)","계","70-74세",194,10.9,164,9.3,199,11.3,210,11.6,205,10.8
"난소(C56)","계","75-79세",142,10.5,142,10.1,159,10.6,181,11.4,170,10.6
"난소(C56)","계","80-84세",83,10.5,103,11.9,112,12.1,103,10.4,123,11.6
"난소(C56)","계","85세이상",65,12.6,83,14.9,68,11.3,94,14.4,79,11.1
"난소(C56)","계","연령미상",-,-,-,-,-,-,-,-,-,-
"난소(C56)","남자","계",-,-,-,-,-,-,-,-,-,-
"난소(C56)","남자","0-4세",-,-,-,-,-,-,-,-,-,-
"난소(C56)","남자","5-9세",-,-,-,-,-,-,-,-,-,-
"난소(C56)","남자","10-14세",-,-,-,-,-,-,-,-,-,-
"난소(C56)","남자","15-19세",-,-,-,-,-,-,-,-,-,-
"난소(C56)","남자","20-24세",-,-,-,-,-,-,-,-,-,-
"난소(C56)","남자","25-29세",-,-,-,-,-,-,-,-,-,-
"난소(C56)","남자","30-34세",-,-,-,-,-,-,-,-,-,-
"난소(C56)","남자","35-39세",-,-,-,-,-,-,-,-,-,-
"난소(C56)","남자","40-44세",-,-,-,-,-,-,-,-,-,-
"난소(C56)","남자","45-49세",-,-,-,-,-,-,-,-,-,-
"난소(C56)","남자","50-54세",-,-,-,-,-,-,-,-,-,-
"난소(C56)","남자","55-59세",-,-,-,-,-,-,-,-,-,-
"난소(C56)","남자","60-64세",-,-,-,-,-,-,-,-,-,-
"난소(C56)","남자","65-69세",-,-,-,-,-,-,-,-,-,-
"난소(C56)","남자","70-74세",-,-,-,-,-,-,-,-,-,-
"난소(C56)","남자","75-79세",-,-,-,-,-,-,-,-,-,-
"난소(C56)","남자","80-84세",-,-,-,-,-,-,-,-,-,-
"난소(C56)","남자","85세이상",-,-,-,-,-,-,-,-,-,-
"난소(C56)","남자","연령미상",-,-,-,-,-,-,-,-,-,-
"난소(C56)","여자","계",2497,9.8,2689,10.5,2749,10.7,2939,11.4,2888,11.2
"난소(C56)","여자","0-4세",2,0.2,-,-,1,0.1,1,0.1,1,0.1
"난소(C56)","여자","5-9세",3,0.3,4,0.4,12,1.0,2,0.2,4,0.4
"난소(C56)","여자","10-14세",21,1.7,13,1.1,17,1.5,16,1.4,8,0.7
"난소(C56)","여자","15-19세",33,2.1,32,2.1,33,2.3,20,1.5,36,2.8
"난소(C56)","여자","20-24세",41,2.5,51,3.1,46,2.8,57,3.5,48,3.0
"난소(C56)","여자","25-29세",48,3.2,57,3.8,54,3.5,54,3.4,71,4.4
"난소(C56)","여자","30-34세",80,4.3,75,4.3,85,5.2,77,4.9,57,3.7
"난소(C56)","여자","35-39세",104,5.5,110,5.7,106,5.4,141,7.1,128,6.6
"난소(C56)","여자","40-44세",194,9.0,228,10.9,208,10.3,233,11.9,198,10.4
"난소(C56)","여자","45-49세",350,16.2,328,14.9,400,17.8,402,18.0,352,16.0
"난소(C56)","여자","50-54세",402,19.1,408,19.9,393,19.5,394,19.2,426,20.2
"난소(C56)","여자","55-59세",298,15.3,396,19.4,384,18.2,405,19.0,416,19.6
"난소(C56)","여자","60-64세",234,16.9,290,19.2,283,17.5,320,18.7,338,18.5
"난소(C56)","여자","65-69세",203,18.5,205,18.0,189,16.1,229,18.8,228,18.0
"난소(C56)","여자","70-74세",194,19.7,164,16.9,199,20.7,210,21.4,205,20.1
"난소(C56)","여자","75-79세",142,17.6,142,17.0,159,18.0,181,19.6,170,18.3
"난소(C56)","여자","80-84세",83,15.8,103,18.2,112,18.7,103,16.3,123,18.4
"난소(C56)","여자","85세이상",65,16.8,83,19.9,68,15.2,94,19.4,79,15.1
"난소(C56)","여자","연령미상",-,-,-,-,-,-,-,-,-,-
"전립선(C61)","계","계",10389,20.4,12002,23.5,13029,25.4,14983,29.2,16803,32.7
"전립선(C61)","계","0-4세",-,-,-,-,-,-,-,-,-,-
"전립선(C61)","계","5-9세",-,-,-,-,1,-,-,-,-,-
"전립선(C61)","계","10-14세",-,-,-,-,-,-,-,-,-,-
"전립선(C61)","계","15-19세",1,-,-,-,2,0.1,-,-,-,-
"전립선(C61)","계","20-24세",1,-,3,0.1,-,-,2,0.1,-,-
"전립선(C61)","계","25-29세",2,0.1,1,-,1,-,1,-,1,-
"전립선(C61)","계","30-34세",1,-,1,-,3,0.1,-,-,-,-
"전립선(C61)","계","35-39세",-,-,2,0.1,6,0.2,6,0.1,11,0.3
"전립선(C61)","계","40-44세",17,0.4,22,0.5,16,0.4,16,0.4,13,0.3
"전립선(C61)","계","45-49세",58,1.3,76,1.7,67,1.5,73,1.6,84,1.9
"전립선(C61)","계","50-54세",266,6.2,283,6.8,265,6.5,297,7.1,322,7.6
"전립선(C61)","계","55-59세",775,20.0,851,20.9,962,22.8,1027,24.0,1049,24.6
"전립선(C61)","계","60-64세",1316,48.5,1638,55.2,1752,55.2,2079,61.6,2358,65.5
"전립선(C61)","계","65-69세",2119,100.5,2472,113.1,2514,111.1,2811,119.8,3144,128.6
"전립선(C61)","계","70-74세",2405,135.3,2694,152.6,2903,164.4,3345,184.4,3797,199.6
"전립선(C61)","계","75-79세",2048,151.3,2340,166.2,2610,173.3,3083,194.5,3403,212.3
"전립선(C61)","계","80-84세",981,123.5,1159,134.1,1384,149.1,1588,160.5,1870,177.1
"전립선(C61)","계","85세이상",399,77.1,460,82.5,543,90.0,655,100.1,751,105.3
"전립선(C61)","계","연령미상",-,-,-,-,-,-,-,-,-,-
"전립선(C61)","남자","계",10389,40.8,12002,47.0,13029,50.9,14983,58.5,16803,65.6
"전립선(C61)","남자","0-4세",-,-,-,-,-,-,-,-,-,-
"전립선(C61)","남자","5-9세",-,-,-,-,1,0.1,-,-,-,-
"전립선(C61)","남자","10-14세",-,-,-,-,-,-,-,-,-,-
"전립선(C61)","남자","15-19세",1,0.1,-,-,2,0.1,-,-,-,-
"전립선(C61)","남자","20-24세",1,0.1,3,0.2,-,-,2,0.1,-,-
"전립선(C61)","남자","25-29세",2,0.1,1,0.1,1,0.1,1,0.1,1,0.1
"전립선(C61)","남자","30-34세",1,0.1,1,0.1,3,0.2,-,-,-,-
"전립선(C61)","남자","35-39세",-,-,2,0.1,6,0.3,6,0.3,11,0.5
"전립선(C61)","남자","40-44세",17,0.8,22,1.0,16,0.8,16,0.8,13,0.7
"전립선(C61)","남자","45-49세",58,2.6,76,3.4,67,2.9,73,3.2,84,3.7
"전립선(C61)","남자","50-54세",266,12.3,283,13.3,265,12.7,297,14.1,322,15.0
"전립선(C61)","남자","55-59세",775,40.0,851,41.8,962,45.6,1027,48.0,1049,49.1
"전립선(C61)","남자","60-64세",1316,98.8,1638,112.7,1752,112.2,2079,124.8,2358,132.6
"전립선(C61)","남자","65-69세",2119,209.6,2472,235.7,2514,231.2,2811,249.0,3144,266.9
"전립선(C61)","남자","70-74세",2405,303.7,2694,339.0,2903,361.2,3345,400.7,3797,429.6
"전립선(C61)","남자","75-79세",2048,375.2,2340,407.0,2610,418.7,3083,465.1,3403,503.5
"전립선(C61)","남자","80-84세",981,366.3,1159,387.6,1384,421.8,1588,445.8,1870,483.5
"전립선(C61)","남자","85세이상",399,305.4,460,326.8,543,351.3,655,383.0,751,394.3
"전립선(C61)","남자","연령미상",-,-,-,-,-,-,-,-,-,-
"전립선(C61)","여자","계",-,-,-,-,-,-,-,-,-,-
"전립선(C61)","여자","0-4세",-,-,-,-,-,-,-,-,-,-
"전립선(C61)","여자","5-9세",-,-,-,-,-,-,-,-,-,-
"전립선(C61)","여자","10-14세",-,-,-,-,-,-,-,-,-,-
"전립선(C61)","여자","15-19세",-,-,-,-,-,-,-,-,-,-
"전립선(C61)","여자","20-24세",-,-,-,-,-,-,-,-,-,-
"전립선(C61)","여자","25-29세",-,-,-,-,-,-,-,-,-,-
"전립선(C61)","여자","30-34세",-,-,-,-,-,-,-,-,-,-
"전립선(C61)","여자","35-39세",-,-,-,-,-,-,-,-,-,-
"전립선(C61)","여자","40-44세",-,-,-,-,-,-,-,-,-,-
"전립선(C61)","여자","45-49세",-,-,-,-,-,-,-,-,-,-
"전립선(C61)","여자","50-54세",-,-,-,-,-,-,-,-,-,-
"전립선(C61)","여자","55-59세",-,-,-,-,-,-,-,-,-,-
"전립선(C61)","여자","60-64세",-,-,-,-,-,-,-,-,-,-
"전립선(C61)","여자","65-69세",-,-,-,-,-,-,-,-,-,-
"전립선(C61)","여자","70-74세",-,-,-,-,-,-,-,-,-,-
"전립선(C61)","여자","75-79세",-,-,-,-,-,-,-,-,-,-
"전립선(C61)","여자","80-84세",-,-,-,-,-,-,-,-,-,-
"전립선(C61)","여자","85세이상",-,-,-,-,-,-,-,-,-,-
"전립선(C61)","여자","연령미상",-,-,-,-,-,-,-,-,-,-
"고환(C62)","계","계",289,0.6,291,0.6,263,0.5,336,0.7,325,0.6
"고환(C62)","계","0-4세",8,0.4,10,0.4,5,0.2,8,0.4,9,0.5
"고환(C62)","계","5-9세",-,-,1,-,1,-,2,0.1,-,-
"고환(C62)","계","10-14세",-,-,-,-,2,0.1,1,-,-,-
"고환(C62)","계","15-19세",11,0.3,8,0.3,6,0.2,15,0.5,9,0.3
"고환(C62)","계","20-24세",40,1.1,48,1.4,25,0.7,38,1.1,40,1.2
"고환(C62)","계","25-29세",63,2.0,51,1.6,71,2.2,76,2.3,68,2.0
"고환(C62)","계","30-34세",52,1.4,59,1.6,52,1.5,68,2.1,54,1.7
"고환(C62)","계","35-39세",39,1.0,35,0.9,33,0.8,47,1.2,55,1.4
"고환(C62)","계","40-44세",34,0.8,20,0.5,19,0.5,30,0.8,29,0.8
"고환(C62)","계","45-49세",15,0.3,22,0.5,20,0.4,19,0.4,18,0.4
"고환(C62)","계","50-54세",12,0.3,10,0.2,5,0.1,11,0.3,12,0.3
"고환(C62)","계","55-59세",6,0.2,15,0.4,11,0.3,4,0.1,8,0.2
"고환(C62)","계","60-64세",-,-,4,0.1,5,0.2,7,0.2,11,0.3
"고환(C62)","계","65-69세",2,0.1,3,0.1,2,0.1,4,0.2,2,0.1
"고환(C62)","계","70-74세",2,0.1,2,0.1,1,0.1,1,0.1,2,0.1
"고환(C62)","계","75-79세",3,0.2,3,0.2,3,0.2,2,0.1,5,0.3
"고환(C62)","계","80-84세",1,0.1,-,-,2,0.2,3,0.3,2,0.2
"고환(C62)","계","85세이상",1,0.2,-,-,-,-,-,-,1,0.1
"고환(C62)","계","연령미상",-,-,-,-,-,-,-,-,-,-
"고환(C62)","남자","계",289,1.1,291,1.1,263,1.0,336,1.3,325,1.3
"고환(C62)","남자","0-4세",8,0.7,10,0.9,5,0.5,8,0.8,9,0.9
"고환(C62)","남자","5-9세",-,-,1,0.1,1,0.1,2,0.2,-,-
"고환(C62)","남자","10-14세",-,-,-,-,2,0.2,1,0.1,-,-
"고환(C62)","남자","15-19세",11,0.6,8,0.5,6,0.4,15,1.0,9,0.6
"고환(C62)","남자","20-24세",40,2.1,48,2.6,25,1.4,38,2.1,40,2.3
"고환(C62)","남자","25-29세",63,3.9,51,3.1,71,4.2,76,4.3,68,3.8
"고환(C62)","남자","30-34세",52,2.7,59,3.2,52,3.0,68,4.1,54,3.3
"고환(C62)","남자","35-39세",39,2.0,35,1.7,33,1.6,47,2.3,55,2.7
"고환(C62)","남자","40-44세",34,1.5,20,0.9,19,0.9,30,1.5,29,1.5
"고환(C62)","남자","45-49세",15,0.7,22,1.0,20,0.9,19,0.8,18,0.8
"고환(C62)","남자","50-54세",12,0.6,10,0.5,5,0.2,11,0.5,12,0.6
"고환(C62)","남자","55-59세",6,0.3,15,0.7,11,0.5,4,0.2,8,0.4
"고환(C62)","남자","60-64세",-,-,4,0.3,5,0.3,7,0.4,11,0.6
"고환(C62)","남자","65-69세",2,0.2,3,0.3,2,0.2,4,0.4,2,0.2
"고환(C62)","남자","70-74세",2,0.3,2,0.3,1,0.1,1,0.1,2,0.2
"고환(C62)","남자","75-79세",3,0.5,3,0.5,3,0.5,2,0.3,5,0.7
"고환(C62)","남자","80-84세",1,0.4,-,-,2,0.6,3,0.8,2,0.5
"고환(C62)","남자","85세이상",1,0.8,-,-,-,-,-,-,1,0.5
"고환(C62)","남자","연령미상",-,-,-,-,-,-,-,-,-,-
"고환(C62)","여자","계",-,-,-,-,-,-,-,-,-,-
"고환(C62)","여자","0-4세",-,-,-,-,-,-,-,-,-,-
"고환(C62)","여자","5-9세",-,-,-,-,-,-,-,-,-,-
"고환(C62)","여자","10-14세",-,-,-,-,-,-,-,-,-,-
"고환(C62)","여자","15-19세",-,-,-,-,-,-,-,-,-,-
"고환(C62)","여자","20-24세",-,-,-,-,-,-,-,-,-,-
"고환(C62)","여자","25-29세",-,-,-,-,-,-,-,-,-,-
"고환(C62)","여자","30-34세",-,-,-,-,-,-,-,-,-,-
"고환(C62)","여자","35-39세",-,-,-,-,-,-,-,-,-,-
"고환(C62)","여자","40-44세",-,-,-,-,-,-,-,-,-,-
"고환(C62)","여자","45-49세",-,-,-,-,-,-,-,-,-,-
"고환(C62)","여자","50-54세",-,-,-,-,-,-,-,-,-,-
"고환(C62)","여자","55-59세",-,-,-,-,-,-,-,-,-,-
"고환(C62)","여자","60-64세",-,-,-,-,-,-,-,-,-,-
"고환(C62)","여자","65-69세",-,-,-,-,-,-,-,-,-,-
"고환(C62)","여자","70-74세",-,-,-,-,-,-,-,-,-,-
"고환(C62)","여자","75-79세",-,-,-,-,-,-,-,-,-,-
"고환(C62)","여자","80-84세",-,-,-,-,-,-,-,-,-,-
"고환(C62)","여자","85세이상",-,-,-,-,-,-,-,-,-,-
"고환(C62)","여자","연령미상",-,-,-,-,-,-,-,-,-,-
"신장(C64)","계","계",4623,9.1,5115,10.0,5411,10.6,5501,10.7,6026,11.7
"신장(C64)","계","0-4세",31,1.4,31,1.4,22,1.0,24,1.2,21,1.1
"신장(C64)","계","5-9세",2,0.1,4,0.2,3,0.1,4,0.2,1,-
"신장(C64)","계","10-14세",2,0.1,1,-,2,0.1,2,0.1,3,0.1
"신장(C64)","계","15-19세",5,0.2,4,0.1,6,0.2,2,0.1,3,0.1
"신장(C64)","계","20-24세",17,0.5,11,0.3,21,0.6,16,0.5,18,0.5
"신장(C64)","계","25-29세",34,1.1,36,1.1,39,1.2,41,1.2,52,1.5
"신장(C64)","계","30-34세",91,2.4,106,2.9,114,3.4,108,3.3,104,3.3
"신장(C64)","계","35-39세",184,4.7,205,5.2,236,5.9,229,5.7,246,6.2
"신장(C64)","계","40-44세",242,5.5,342,8.0,323,7.9,328,8.3,383,9.9
"신장(C64)","계","45-49세",376,8.6,451,10.1,444,9.8,448,9.9,507,11.3
"신장(C64)","계","50-54세",539,12.6,566,13.6,618,15.1,575,13.8,642,15.1
"신장(C64)","계","55-59세",731,18.8,765,18.8,799,18.9,749,17.5,803,18.9
"신장(C64)","계","60-64세",599,22.1,684,23.1,778,24.5,800,23.7,913,25.4
"신장(C64)","계","65-69세",570,27.0,601,27.5,614,27.1,664,28.3,762,31.2
"신장(C64)","계","70-74세",495,27.9,524,29.7,533,30.2,560,30.9,634,33.3
"신장(C64)","계","75-79세",397,29.3,427,30.3,474,31.5,508,32.0,526,32.8
"신장(C64)","계","80-84세",207,26.1,239,27.6,256,27.6,287,29.0,269,25.5
"신장(C64)","계","85세이상",101,19.5,118,21.2,129,21.4,156,23.8,139,19.5
"신장(C64)","계","연령미상",-,-,-,-,-,-,-,-,-,-
"신장(C64)","남자","계",3181,12.5,3457,13.5,3693,14.4,3839,15.0,4155,16.2
"신장(C64)","남자","0-4세",14,1.2,20,1.7,11,1.0,13,1.3,11,1.1
"신장(C64)","남자","5-9세",1,0.1,1,0.1,3,0.2,1,0.1,1,0.1
"신장(C64)","남자","10-14세",2,0.2,-,-,1,0.1,2,0.2,1,0.1
"신장(C64)","남자","15-19세",3,0.2,2,0.1,1,0.1,1,0.1,3,0.2
"신장(C64)","남자","20-24세",9,0.5,7,0.4,9,0.5,14,0.8,7,0.4
"신장(C64)","남자","25-29세",26,1.6,24,1.5,21,1.2,32,1.8,35,1.9
"신장(C64)","남자","30-34세",58,3.0,74,4.0,78,4.5,77,4.6,73,4.5
"신장(C64)","남자","35-39세",134,6.8,151,7.5,182,8.9,179,8.7,189,9.4
"신장(C64)","남자","40-44세",176,7.8,258,11.9,226,10.9,239,11.9,289,14.7
"신장(C64)","남자","45-49세",271,12.2,340,15.1,328,14.3,328,14.3,368,16.2
"신장(C64)","남자","50-54세",382,17.7,386,18.2,427,20.4,428,20.4,453,21.1
"신장(C64)","남자","55-59세",520,26.8,538,26.4,581,27.5,516,24.1,555,26.0
"신장(C64)","남자","60-64세",421,31.6,467,32.1,511,32.7,574,34.5,631,35.5
"신장(C64)","남자","65-69세",405,40.1,409,39.0,461,42.4,480,42.5,524,44.5
"신장(C64)","남자","70-74세",338,42.7,330,41.5,369,45.9,377,45.2,446,50.5
"신장(C64)","남자","75-79세",256,46.9,265,46.1,286,45.9,312,47.1,342,50.6
"신장(C64)","남자","80-84세",112,41.8,126,42.1,131,39.9,185,51.9,162,41.9
"신장(C64)","남자","85세이상",53,40.6,59,41.9,67,43.3,81,47.4,65,34.1
"신장(C64)","남자","연령미상",-,-,-,-,-,-,-,-,-,-
"신장(C64)","여자","계",1442,5.7,1658,6.5,1718,6.7,1662,6.5,1871,7.3
"신장(C64)","여자","0-4세",17,1.5,11,1.0,11,1.1,11,1.1,10,1.1
"신장(C64)","여자","5-9세",1,0.1,3,0.3,-,-,3,0.3,-,-
"신장(C64)","여자","10-14세",-,-,1,0.1,1,0.1,-,-,2,0.2
"신장(C64)","여자","15-19세",2,0.1,2,0.1,5,0.3,1,0.1,-,-
"신장(C64)","여자","20-24세",8,0.5,4,0.2,12,0.7,2,0.1,11,0.7
"신장(C64)","여자","25-29세",8,0.5,12,0.8,18,1.2,9,0.6,17,1.0
"신장(C64)","여자","30-34세",33,1.8,32,1.8,36,2.2,31,2.0,31,2.0
"신장(C64)","여자","35-39세",50,2.6,54,2.8,54,2.8,50,2.5,57,2.9
"신장(C64)","여자","40-44세",66,3.0,84,4.0,97,4.8,89,4.6,94,5.0
"신장(C64)","여자","45-49세",105,4.9,111,5.0,116,5.2,120,5.4,139,6.3
"신장(C64)","여자","50-54세",157,7.5,180,8.8,191,9.5,147,7.2,189,8.9
"신장(C64)","여자","55-59세",211,10.8,227,11.1,218,10.3,233,10.9,248,11.7
"신장(C64)","여자","60-64세",178,12.9,217,14.4,267,16.5,226,13.2,282,15.5
"신장(C64)","여자","65-69세",165,15.0,192,16.9,153,13.0,184,15.1,238,18.8
"신장(C64)","여자","70-74세",157,15.9,194,20.0,164,17.0,183,18.7,188,18.5
"신장(C64)","여자","75-79세",141,17.5,162,19.4,188,21.3,196,21.2,184,19.8
"신장(C64)","여자","80-84세",95,18.0,113,20.0,125,20.8,102,16.1,107,16.0
"신장(C64)","여자","85세이상",48,12.4,59,14.2,62,13.8,75,15.5,74,14.2
"신장(C64)","여자","연령미상",-,-,-,-,-,-,-,-,-,-
"방광(C67)","계","계",4137,8.1,4444,8.7,4471,8.7,4634,9.0,4895,9.5
"방광(C67)","계","0-4세",-,-,-,-,1,-,-,-,-,-
"방광(C67)","계","5-9세",-,-,1,-,-,-,-,-,-,-
"방광(C67)","계","10-14세",-,-,-,-,-,-,-,-,-,-
"방광(C67)","계","15-19세",1,-,1,-,1,-,2,0.1,-,-
"방광(C67)","계","20-24세",4,0.1,6,0.2,6,0.2,5,0.1,3,0.1
"방광(C67)","계","25-29세",4,0.1,6,0.2,5,0.2,5,0.1,6,0.2
"방광(C67)","계","30-34세",21,0.6,14,0.4,15,0.4,11,0.3,8,0.3
"방광(C67)","계","35-39세",30,0.8,34,0.9,28,0.7,20,0.5,19,0.5
"방광(C67)","계","40-44세",81,1.8,68,1.6,63,1.5,55,1.4,51,1.3
"방광(C67)","계","45-49세",118,2.7,142,3.2,129,2.8,109,2.4,111,2.5
"방광(C67)","계","50-54세",221,5.2,205,4.9,212,5.2,203,4.9,202,4.7
"방광(C67)","계","55-59세",394,10.1,398,9.8,394,9.3,398,9.3,402,9.4
"방광(C67)","계","60-64세",415,15.3,531,17.9,509,16.0,590,17.5,576,16.0
"방광(C67)","계","65-69세",551,26.1,632,28.9,620,27.4,617,26.3,700,28.6
"방광(C67)","계","70-74세",763,42.9,696,39.4,715,40.5,699,38.5,785,41.3
"방광(C67)","계","75-79세",718,53.0,766,54.4,805,53.4,854,53.9,878,54.8
"방광(C67)","계","80-84세",495,62.3,558,64.6,571,61.5,641,64.8,700,66.3
"방광(C67)","계","85세이상",321,62.0,386,69.3,397,65.8,425,64.9,454,63.7
"방광(C67)","계","연령미상",-,-,-,-,-,-,-,-,-,-
"방광(C67)","남자","계",3321,13.0,3556,13.9,3598,14.1,3699,14.4,3984,15.6
"방광(C67)","남자","0-4세",-,-,-,-,-,-,-,-,-,-
"방광(C67)","남자","5-9세",-,-,-,-,-,-,-,-,-,-
"방광(C67)","남자","10-14세",-,-,-,-,-,-,-,-,-,-
"방광(C67)","남자","15-19세",-,-,1,0.1,1,0.1,2,0.1,-,-
"방광(C67)","남자","20-24세",3,0.2,5,0.3,6,0.3,2,0.1,3,0.2
"방광(C67)","남자","25-29세",1,0.1,3,0.2,4,0.2,2,0.1,4,0.2
"방광(C67)","남자","30-34세",12,0.6,8,0.4,9,0.5,5,0.3,7,0.4
"방광(C67)","남자","35-39세",23,1.2,27,1.3,22,1.1,14,0.7,16,0.8
"방광(C67)","남자","40-44세",62,2.8,59,2.7,50,2.4,40,2.0,42,2.1
"방광(C67)","남자","45-49세",96,4.3,114,5.1,106,4.6,91,4.0,86,3.8
"방광(C67)","남자","50-54세",189,8.8,172,8.1,161,7.7,157,7.5,174,8.1
"방광(C67)","남자","55-59세",332,17.1,330,16.2,325,15.4,337,15.8,335,15.7
"방광(C67)","남자","60-64세",360,27.0,445,30.6,442,28.3,496,29.8,501,28.2
"방광(C67)","남자","65-69세",451,44.6,532,50.7,532,48.9,516,45.7,590,50.1
"방광(C67)","남자","70-74세",633,79.9,585,73.6,603,75.0,592,70.9,654,74.0
"방광(C67)","남자","75-79세",563,103.1,624,108.5,648,104.0,695,104.8,702,103.9
"방광(C67)","남자","80-84세",379,141.5,399,133.4,433,132.0,468,131.4,544,140.7
"방광(C67)","남자","85세이상",217,166.1,252,179.0,256,165.6,282,164.9,326,171.2
"방광(C67)","남자","연령미상",-,-,-,-,-,-,-,-,-,-
"방광(C67)","여자","계",816,3.2,888,3.5,873,3.4,935,3.6,911,3.5
"방광(C67)","여자","0-4세",-,-,-,-,1,0.1,-,-,-,-
"방광(C67)","여자","5-9세",-,-,1,0.1,-,-,-,-,-,-
"방광(C67)","여자","10-14세",-,-,-,-,-,-,-,-,-,-
"방광(C67)","여자","15-19세",1,0.1,-,-,-,-,-,-,-,-
"방광(C67)","여자","20-24세",1,0.1,1,0.1,-,-,3,0.2,-,-
"방광(C67)","여자","25-29세",3,0.2,3,0.2,1,0.1,3,0.2,2,0.1
"방광(C67)","여자","30-34세",9,0.5,6,0.3,6,0.4,6,0.4,1,0.1
"방광(C67)","여자","35-39세",7,0.4,7,0.4,6,0.3,6,0.3,3,0.2
"방광(C67)","여자","40-44세",19,0.9,9,0.4,13,0.6,15,0.8,9,0.5
"방광(C67)","여자","45-49세",22,1.0,28,1.3,23,1.0,18,0.8,25,1.1
"방광(C67)","여자","50-54세",32,1.5,33,1.6,51,2.5,46,2.2,28,1.3
"방광(C67)","여자","55-59세",62,3.2,68,3.3,69,3.3,61,2.9,67,3.2
"방광(C67)","여자","60-64세",55,4.0,86,5.7,67,4.1,94,5.5,75,4.1
"방광(C67)","여자","65-69세",100,9.1,100,8.8,88,7.5,101,8.3,110,8.7
"방광(C67)","여자","70-74세",130,13.2,111,11.4,112,11.6,107,10.9,131,12.9
"방광(C67)","여자","75-79세",155,19.2,142,17.0,157,17.8,159,17.2,176,19.0
"방광(C67)","여자","80-84세",116,22.0,159,28.1,138,23.0,173,27.3,156,23.3
"방광(C67)","여자","85세이상",104,26.9,134,32.2,141,31.4,143,29.6,128,24.5
"방광(C67)","여자","연령미상",-,-,-,-,-,-,-,-,-,-
"뇌 및 중추신경계(C70-C72)","계","계",1817,3.6,2048,4.0,1984,3.9,2037,4.0,1981,3.9
"뇌 및 중추신경계(C70-C72)","계","0-4세",44,1.9,47,2.1,52,2.4,58,2.9,60,3.1
"뇌 및 중추신경계(C70-C72)","계","5-9세",51,2.2,58,2.5,48,2.0,42,1.8,37,1.6
"뇌 및 중추신경계(C70-C72)","계","10-14세",42,1.6,52,2.2,44,1.9,38,1.6,39,1.7
"뇌 및 중추신경계(C70-C72)","계","15-19세",54,1.6,49,1.5,44,1.5,48,1.7,44,1.6
"뇌 및 중추신경계(C70-C72)","계","20-24세",42,1.2,58,1.6,44,1.3,40,1.2,49,1.5
"뇌 및 중추신경계(C70-C72)","계","25-29세",71,2.3,63,2.0,48,1.5,65,1.9,46,1.3
"뇌 및 중추신경계(C70-C72)","계","30-34세",91,2.4,78,2.2,87,2.6,63,2.0,62,2.0
"뇌 및 중추신경계(C70-C72)","계","35-39세",90,2.3,103,2.6,74,1.9,93,2.3,90,2.3
"뇌 및 중추신경계(C70-C72)","계","40-44세",119,2.7,120,2.8,129,3.1,110,2.8,96,2.5
"뇌 및 중추신경계(C70-C72)","계","45-49세",126,2.9,157,3.5,139,3.1,138,3.0,131,2.9
"뇌 및 중추신경계(C70-C72)","계","50-54세",176,4.1,157,3.8,161,3.9,162,3.9,154,3.6
"뇌 및 중추신경계(C70-C72)","계","55-59세",177,4.6,211,5.2,208,4.9,202,4.7,194,4.6
"뇌 및 중추신경계(C70-C72)","계","60-64세",181,6.7,201,6.8,191,6.0,217,6.4,223,6.2
"뇌 및 중추신경계(C70-C72)","계","65-69세",111,5.3,175,8.0,187,8.3,180,7.7,181,7.4
"뇌 및 중추신경계(C70-C72)","계","70-74세",157,8.8,170,9.6,166,9.4,187,10.3,169,8.9
"뇌 및 중추신경계(C70-C72)","계","75-79세",133,9.8,178,12.6,172,11.4,200,12.6,197,12.3
"뇌 및 중추신경계(C70-C72)","계","80-84세",86,10.8,106,12.3,114,12.3,122,12.3,135,12.8
"뇌 및 중추신경계(C70-C72)","계","85세이상",66,12.7,65,11.7,76,12.6,72,11.0,74,10.4
"뇌 및 중추신경계(C70-C72)","계","연령미상",-,-,-,-,-,-,-,-,-,-
"뇌 및 중추신경계(C70-C72)","남자","계",976,3.8,1116,4.4,1054,4.1,1089,4.3,1070,4.2
"뇌 및 중추신경계(C70-C72)","남자","0-4세",22,1.9,27,2.4,24,2.2,28,2.7,32,3.3
"뇌 및 중추신경계(C70-C72)","남자","5-9세",30,2.5,28,2.3,19,1.6,28,2.3,22,1.8
"뇌 및 중추신경계(C70-C72)","남자","10-14세",24,1.8,29,2.3,21,1.7,21,1.7,22,1.8
"뇌 및 중추신경계(C70-C72)","남자","15-19세",36,2.1,33,2.0,22,1.4,27,1.8,26,1.8
"뇌 및 중추신경계(C70-C72)","남자","20-24세",26,1.4,31,1.7,23,1.2,26,1.4,24,1.4
"뇌 및 중추신경계(C70-C72)","남자","25-29세",37,2.3,40,2.4,32,1.9,34,1.9,25,1.4
"뇌 및 중추신경계(C70-C72)","남자","30-34세",56,2.9,44,2.4,44,2.5,34,2.0,36,2.2
"뇌 및 중추신경계(C70-C72)","남자","35-39세",54,2.7,49,2.4,44,2.2,49,2.4,55,2.7
"뇌 및 중추신경계(C70-C72)","남자","40-44세",70,3.1,70,3.2,67,3.2,66,3.3,50,2.6
"뇌 및 중추신경계(C70-C72)","남자","45-49세",62,2.8,93,4.1,90,3.9,70,3.0,70,3.1
"뇌 및 중추신경계(C70-C72)","남자","50-54세",101,4.7,88,4.1,92,4.4,82,3.9,86,4.0
"뇌 및 중추신경계(C70-C72)","남자","55-59세",103,5.3,115,5.7,115,5.4,122,5.7,115,5.4
"뇌 및 중추신경계(C70-C72)","남자","60-64세",95,7.1,125,8.6,105,6.7,112,6.7,111,6.2
"뇌 및 중추신경계(C70-C72)","남자","65-69세",59,5.8,102,9.7,104,9.6,101,8.9,106,9.0
"뇌 및 중추신경계(C70-C72)","남자","70-74세",69,8.7,88,11.1,90,11.2,117,14.0,103,11.7
"뇌 및 중추신경계(C70-C72)","남자","75-79세",67,12.3,82,14.3,89,14.3,102,15.4,97,14.4
"뇌 및 중추신경계(C70-C72)","남자","80-84세",42,15.7,42,14.0,44,13.4,51,14.3,63,16.3
"뇌 및 중추신경계(C70-C72)","남자","85세이상",23,17.6,30,21.3,29,18.8,19,11.1,27,14.2
"뇌 및 중추신경계(C70-C72)","남자","연령미상",-,-,-,-,-,-,-,-,-,-
"뇌 및 중추신경계(C70-C72)","여자","계",841,3.3,932,3.6,930,3.6,948,3.7,911,3.5
"뇌 및 중추신경계(C70-C72)","여자","0-4세",22,2.0,20,1.8,28,2.7,30,3.0,28,3.0
"뇌 및 중추신경계(C70-C72)","여자","5-9세",21,1.9,30,2.6,29,2.5,14,1.2,15,1.3
"뇌 및 중추신경계(C70-C72)","여자","10-14세",18,1.5,23,2.0,23,2.0,17,1.5,17,1.5
"뇌 및 중추신경계(C70-C72)","여자","15-19세",18,1.2,16,1.1,22,1.5,21,1.5,18,1.4
"뇌 및 중추신경계(C70-C72)","여자","20-24세",16,1.0,27,1.6,21,1.3,14,0.9,25,1.6
"뇌 및 중추신경계(C70-C72)","여자","25-29세",34,2.3,23,1.5,16,1.0,31,2.0,21,1.3
"뇌 및 중추신경계(C70-C72)","여자","30-34세",35,1.9,34,1.9,43,2.6,29,1.9,26,1.7
"뇌 및 중추신경계(C70-C72)","여자","35-39세",36,1.9,54,2.8,30,1.5,44,2.2,35,1.8
"뇌 및 중추신경계(C70-C72)","여자","40-44세",49,2.3,50,2.4,62,3.1,44,2.3,46,2.4
"뇌 및 중추신경계(C70-C72)","여자","45-49세",64,3.0,64,2.9,49,2.2,68,3.0,61,2.8
"뇌 및 중추신경계(C70-C72)","여자","50-54세",75,3.6,69,3.4,69,3.4,80,3.9,68,3.2
"뇌 및 중추신경계(C70-C72)","여자","55-59세",74,3.8,96,4.7,93,4.4,80,3.7,79,3.7
"뇌 및 중추신경계(C70-C72)","여자","60-64세",86,6.2,76,5.0,86,5.3,105,6.1,112,6.1
"뇌 및 중추신경계(C70-C72)","여자","65-69세",52,4.7,73,6.4,83,7.1,79,6.5,75,5.9
"뇌 및 중추신경계(C70-C72)","여자","70-74세",88,8.9,82,8.4,76,7.9,70,7.1,66,6.5
"뇌 및 중추신경계(C70-C72)","여자","75-79세",66,8.2,96,11.5,83,9.4,98,10.6,100,10.8
"뇌 및 중추신경계(C70-C72)","여자","80-84세",44,8.4,64,11.3,70,11.7,71,11.2,72,10.8
"뇌 및 중추신경계(C70-C72)","여자","85세이상",43,11.1,35,8.4,47,10.5,53,11.0,47,9.0
"뇌 및 중추신경계(C70-C72)","여자","연령미상",-,-,-,-,-,-,-,-,-,-
"갑상선(C73)","계","계",25523,50.1,26599,52.0,26751,52.2,28961,56.5,30676,59.8
"갑상선(C73)","계","0-4세",2,0.1,-,-,2,0.1,-,-,1,0.1
"갑상선(C73)","계","5-9세",5,0.2,3,0.1,9,0.4,-,-,4,0.2
"갑상선(C73)","계","10-14세",32,1.3,21,0.9,29,1.2,25,1.1,23,1.0
"갑상선(C73)","계","15-19세",143,4.4,168,5.3,167,5.5,142,4.9,162,5.9
"갑상선(C73)","계","20-24세",466,13.3,541,15.3,549,15.7,594,17.3,653,19.5
"갑상선(C73)","계","25-29세",1114,35.6,1329,42.0,1352,41.6,1575,47.0,1639,47.8
"갑상선(C73)","계","30-34세",2216,58.4,2260,62.8,2210,65.2,2434,75.4,2487,78.9
"갑상선(C73)","계","35-39세",2836,73.1,3060,77.6,3277,81.9,3707,92.0,3872,97.8
"갑상선(C73)","계","40-44세",3753,85.1,3838,90.2,3854,93.9,3938,99.4,4154,107.7
"갑상선(C73)","계","45-49세",3571,81.7,3664,82.1,3623,79.9,3884,85.7,4059,90.6
"갑상선(C73)","계","50-54세",3745,87.8,3621,86.8,3458,84.2,3716,89.4,4048,95.0
"갑상선(C73)","계","55-59세",3128,80.6,3280,80.5,3307,78.3,3535,82.7,3724,87.4
"갑상선(C73)","계","60-64세",1973,72.7,2082,70.2,2255,71.0,2369,70.2,2654,73.7
"갑상선(C73)","계","65-69세",1208,57.3,1309,59.9,1231,54.4,1356,57.8,1379,56.4
"갑상선(C73)","계","70-74세",769,43.3,735,41.6,756,42.8,898,49.5,936,49.2
"갑상선(C73)","계","75-79세",353,26.1,441,31.3,419,27.8,488,30.8,552,34.4
"갑상선(C73)","계","80-84세",144,18.1,183,21.2,179,19.3,198,20.0,240,22.7
"갑상선(C73)","계","85세이상",65,12.6,64,11.5,74,12.3,102,15.6,89,12.5
"갑상선(C73)","계","연령미상",-,-,-,-,-,-,-,-,-,-
"갑상선(C73)","남자","계",5473,21.5,5660,22.2,6149,24.0,6802,26.6,7516,29.3
"갑상선(C73)","남자","0-4세",-,-,-,-,-,-,-,-,-,-
"갑상선(C73)","남자","5-9세",2,0.2,2,0.2,4,0.3,-,-,2,0.2
"갑상선(C73)","남자","10-14세",7,0.5,9,0.7,6,0.5,7,0.6,4,0.3
"갑상선(C73)","남자","15-19세",22,1.3,29,1.7,48,3.0,30,2.0,33,2.3
"갑상선(C73)","남자","20-24세",69,3.7,99,5.3,96,5.2,112,6.2,130,7.4
"갑상선(C73)","남자","25-29세",247,15.1,295,17.9,288,16.9,343,19.5,395,21.8
"갑상선(C73)","남자","30-34세",523,26.9,559,30.3,594,34.1,684,41.2,673,41.3
"갑상선(C73)","남자","35-39세",681,34.5,706,35.2,840,41.2,997,48.5,1096,54.3
"갑상선(C73)","남자","40-44세",879,39.2,853,39.4,979,47.0,906,45.1,1087,55.5
"갑상선(C73)","남자","45-49세",775,35.0,785,34.8,803,35.0,872,37.9,937,41.2
"갑상선(C73)","남자","50-54세",693,32.1,646,30.5,675,32.3,753,35.8,870,40.5
"갑상선(C73)","남자","55-59세",643,33.2,695,34.2,715,33.9,823,38.5,841,39.4
"갑상선(C73)","남자","60-64세",392,29.4,409,28.1,478,30.6,564,33.9,654,36.8
"갑상선(C73)","남자","65-69세",260,25.7,278,26.5,290,26.7,304,26.9,355,30.1
"갑상선(C73)","남자","70-74세",165,20.8,157,19.8,169,21.0,235,28.1,234,26.5
"갑상선(C73)","남자","75-79세",67,12.3,82,14.3,102,16.4,112,16.9,131,19.4
"갑상선(C73)","남자","80-84세",34,12.7,48,16.1,46,14.0,34,9.5,56,14.5
"갑상선(C73)","남자","85세이상",14,10.7,8,5.7,16,10.4,26,15.2,18,9.5
"갑상선(C73)","남자","연령미상",-,-,-,-,-,-,-,-,-,-
"갑상선(C73)","여자","계",20050,78.6,20939,81.8,20602,80.3,22159,86.2,23160,90.0
"갑상선(C73)","여자","0-4세",2,0.2,-,-,2,0.2,-,-,1,0.1
"갑상선(C73)","여자","5-9세",3,0.3,1,0.1,5,0.4,-,-,2,0.2
"갑상선(C73)","여자","10-14세",25,2.0,12,1.0,23,2.0,18,1.6,19,1.7
"갑상선(C73)","여자","15-19세",121,7.7,139,9.1,119,8.2,112,8.1,129,9.9
"갑상선(C73)","여자","20-24세",397,24.1,442,26.6,453,27.5,482,29.6,523,32.8
"갑상선(C73)","여자","25-29세",867,57.8,1034,68.5,1064,68.8,1232,77.7,1244,76.8
"갑상선(C73)","여자","30-34세",1693,91.3,1701,97.0,1616,98.0,1750,111.8,1814,119.1
"갑상선(C73)","여자","35-39세",2155,113.0,2354,121.7,2437,124.2,2710,137.1,2776,142.9
"갑상선(C73)","여자","40-44세",2874,132.7,2985,142.7,2875,142.1,3032,155.5,3067,161.6
"갑상선(C73)","여자","45-49세",2796,129.5,2879,130.5,2820,125.8,3012,134.9,3122,141.6
"갑상선(C73)","여자","50-54세",3052,144.9,2975,145.1,2783,137.9,2963,144.2,3178,150.5
"갑상선(C73)","여자","55-59세",2485,127.8,2585,126.6,2592,122.6,2712,127.1,2883,135.8
"갑상선(C73)","여자","60-64세",1581,114.3,1673,110.7,1777,110.0,1805,105.5,2000,109.7
"갑상선(C73)","여자","65-69세",948,86.3,1031,90.7,941,80.1,1052,86.4,1024,80.9
"갑상선(C73)","여자","70-74세",604,61.3,578,59.5,587,61.0,663,67.7,702,68.9
"갑상선(C73)","여자","75-79세",286,35.4,359,43.1,317,35.9,376,40.8,421,45.4
"갑상선(C73)","여자","80-84세",110,20.9,135,23.9,133,22.2,164,25.9,184,27.5
"갑상선(C73)","여자","85세이상",51,13.2,56,13.4,58,12.9,76,15.7,71,13.6
"갑상선(C73)","여자","연령미상",-,-,-,-,-,-,-,-,-,-
"호지킨 림프종(C81)","계","계",273,0.5,315,0.6,289,0.6,301,0.6,308,0.6
"호지킨 림프종(C81)","계","0-4세",-,-,-,-,1,-,-,-,-,-
"호지킨 림프종(C81)","계","5-9세",1,-,-,-,3,0.1,-,-,-,-
"호지킨 림프종(C81)","계","10-14세",8,0.3,10,0.4,6,0.3,4,0.2,6,0.3
"호지킨 림프종(C81)","계","15-19세",20,0.6,21,0.7,33,1.1,21,0.7,22,0.8
"호지킨 림프종(C81)","계","20-24세",24,0.7,38,1.1,40,1.1,42,1.2,26,0.8
"호지킨 림프종(C81)","계","25-29세",30,1.0,26,0.8,22,0.7,25,0.7,32,0.9
"호지킨 림프종(C81)","계","30-34세",25,0.7,30,0.8,19,0.6,20,0.6,26,0.8
"호지킨 림프종(C81)","계","35-39세",9,0.2,17,0.4,20,0.5,21,0.5,22,0.6
"호지킨 림프종(C81)","계","40-44세",17,0.4,12,0.3,14,0.3,9,0.2,14,0.4
"호지킨 림프종(C81)","계","45-49세",15,0.3,21,0.5,18,0.4,20,0.4,18,0.4
"호지킨 림프종(C81)","계","50-54세",18,0.4,21,0.5,16,0.4,17,0.4,18,0.4
"호지킨 림프종(C81)","계","55-59세",24,0.6,20,0.5,26,0.6,20,0.5,25,0.6
"호지킨 림프종(C81)","계","60-64세",23,0.8,22,0.7,14,0.4,19,0.6,19,0.5
"호지킨 림프종(C81)","계","65-69세",17,0.8,14,0.6,20,0.9,20,0.9,27,1.1
"호지킨 림프종(C81)","계","70-74세",14,0.8,23,1.3,15,0.8,20,1.1,18,0.9
"호지킨 림프종(C81)","계","75-79세",18,1.3,17,1.2,13,0.9,26,1.6,19,1.2
"호지킨 림프종(C81)","계","80-84세",8,1.0,20,2.3,6,0.6,11,1.1,11,1.0
"호지킨 림프종(C81)","계","85세이상",2,0.4,3,0.5,3,0.5,6,0.9,5,0.7
"호지킨 림프종(C81)","계","연령미상",-,-,-,-,-,-,-,-,-,-
"호지킨 림프종(C81)","남자","계",174,0.7,205,0.8,172,0.7,183,0.7,181,0.7
"호지킨 림프종(C81)","남자","0-4세",-,-,-,-,1,0.1,-,-,-,-
"호지킨 림프종(C81)","남자","5-9세",-,-,-,-,2,0.2,-,-,-,-
"호지킨 림프종(C81)","남자","10-14세",4,0.3,7,0.6,4,0.3,4,0.3,4,0.3
"호지킨 림프종(C81)","남자","15-19세",11,0.6,13,0.8,21,1.3,11,0.7,10,0.7
"호지킨 림프종(C81)","남자","20-24세",13,0.7,21,1.1,18,1.0,23,1.3,12,0.7
"호지킨 림프종(C81)","남자","25-29세",17,1.0,14,0.8,9,0.5,11,0.6,15,0.8
"호지킨 림프종(C81)","남자","30-34세",13,0.7,16,0.9,11,0.6,13,0.8,12,0.7
"호지킨 림프종(C81)","남자","35-39세",4,0.2,10,0.5,12,0.6,15,0.7,13,0.6
"호지킨 림프종(C81)","남자","40-44세",11,0.5,9,0.4,11,0.5,5,0.2,9,0.5
"호지킨 림프종(C81)","남자","45-49세",10,0.5,15,0.7,11,0.5,11,0.5,13,0.6
"호지킨 림프종(C81)","남자","50-54세",14,0.6,17,0.8,12,0.6,12,0.6,14,0.7
"호지킨 림프종(C81)","남자","55-59세",18,0.9,15,0.7,15,0.7,16,0.7,18,0.8
"호지킨 림프종(C81)","남자","60-64세",19,1.4,17,1.2,12,0.8,15,0.9,16,0.9
"호지킨 림프종(C81)","남자","65-69세",11,1.1,13,1.2,9,0.8,14,1.2,18,1.5
"호지킨 림프종(C81)","남자","70-74세",10,1.3,16,2.0,11,1.4,12,1.4,11,1.2
"호지킨 림프종(C81)","남자","75-79세",14,2.6,7,1.2,9,1.4,17,2.6,11,1.6
"호지킨 림프종(C81)","남자","80-84세",4,1.5,14,4.7,3,0.9,1,0.3,5,1.3
"호지킨 림프종(C81)","남자","85세이상",1,0.8,1,0.7,1,0.6,3,1.8,-,-
"호지킨 림프종(C81)","남자","연령미상",-,-,-,-,-,-,-,-,-,-
"호지킨 림프종(C81)","여자","계",99,0.4,110,0.4,117,0.5,118,0.5,127,0.5
"호지킨 림프종(C81)","여자","0-4세",-,-,-,-,-,-,-,-,-,-
"호지킨 림프종(C81)","여자","5-9세",1,0.1,-,-,1,0.1,-,-,-,-
"호지킨 림프종(C81)","여자","10-14세",4,0.3,3,0.3,2,0.2,-,-,2,0.2
"호지킨 림프종(C81)","여자","15-19세",9,0.6,8,0.5,12,0.8,10,0.7,12,0.9
"호지킨 림프종(C81)","여자","20-24세",11,0.7,17,1.0,22,1.3,19,1.2,14,0.9
"호지킨 림프종(C81)","여자","25-29세",13,0.9,12,0.8,13,0.8,14,0.9,17,1.0
"호지킨 림프종(C81)","여자","30-34세",12,0.6,14,0.8,8,0.5,7,0.4,14,0.9
"호지킨 림프종(C81)","여자","35-39세",5,0.3,7,0.4,8,0.4,6,0.3,9,0.5
"호지킨 림프종(C81)","여자","40-44세",6,0.3,3,0.1,3,0.1,4,0.2,5,0.3
"호지킨 림프종(C81)","여자","45-49세",5,0.2,6,0.3,7,0.3,9,0.4,5,0.2
"호지킨 림프종(C81)","여자","50-54세",4,0.2,4,0.2,4,0.2,5,0.2,4,0.2
"호지킨 림프종(C81)","여자","55-59세",6,0.3,5,0.2,11,0.5,4,0.2,7,0.3
"호지킨 림프종(C81)","여자","60-64세",4,0.3,5,0.3,2,0.1,4,0.2,3,0.2
"호지킨 림프종(C81)","여자","65-69세",6,0.5,1,0.1,11,0.9,6,0.5,9,0.7
"호지킨 림프종(C81)","여자","70-74세",4,0.4,7,0.7,4,0.4,8,0.8,7,0.7
"호지킨 림프종(C81)","여자","75-79세",4,0.5,10,1.2,4,0.5,9,1.0,8,0.9
"호지킨 림프종(C81)","여자","80-84세",4,0.8,6,1.1,3,0.5,10,1.6,6,0.9
"호지킨 림프종(C81)","여자","85세이상",1,0.3,2,0.5,2,0.4,3,0.6,5,1.0
"호지킨 림프종(C81)","여자","연령미상",-,-,-,-,-,-,-,-,-,-
"비호지킨 림프종(C82-C86,C96)","계","계",4451,8.7,4832,9.5,4819,9.4,5244,10.2,5388,10.5
"비호지킨 림프종(C82-C86,C96)","계","0-4세",55,2.4,48,2.1,38,1.8,50,2.5,45,2.4
"비호지킨 림프종(C82-C86,C96)","계","5-9세",49,2.1,43,1.8,57,2.4,50,2.1,37,1.6
"비호지킨 림프종(C82-C86,C96)","계","10-14세",47,1.8,55,2.3,50,2.1,56,2.4,47,2.0
"비호지킨 림프종(C82-C86,C96)","계","15-19세",60,1.8,81,2.5,53,1.7,57,2.0,44,1.6
"비호지킨 림프종(C82-C86,C96)","계","20-24세",61,1.7,80,2.3,87,2.5,82,2.4,65,1.9
"비호지킨 림프종(C82-C86,C96)","계","25-29세",75,2.4,83,2.6,75,2.3,95,2.8,79,2.3
"비호지킨 림프종(C82-C86,C96)","계","30-34세",121,3.2,118,3.3,118,3.5,124,3.8,101,3.2
"비호지킨 림프종(C82-C86,C96)","계","35-39세",151,3.9,168,4.3,210,5.3,180,4.5,178,4.5
"비호지킨 림프종(C82-C86,C96)","계","40-44세",221,5.0,215,5.1,222,5.4,246,6.2,221,5.7
"비호지킨 림프종(C82-C86,C96)","계","45-49세",318,7.3,289,6.5,280,6.2,337,7.4,335,7.5
"비호지킨 림프종(C82-C86,C96)","계","50-54세",376,8.8,385,9.2,350,8.5,404,9.7,411,9.7
"비호지킨 림프종(C82-C86,C96)","계","55-59세",476,12.3,585,14.4,516,12.2,526,12.3,586,13.8
"비호지킨 림프종(C82-C86,C96)","계","60-64세",446,16.4,535,18.0,553,17.4,593,17.6,676,18.8
"비호지킨 림프종(C82-C86,C96)","계","65-69세",496,23.5,519,23.7,552,24.4,574,24.5,602,24.6
"비호지킨 림프종(C82-C86,C96)","계","70-74세",534,30.0,546,30.9,539,30.5,575,31.7,634,33.3
"비호지킨 림프종(C82-C86,C96)","계","75-79세",520,38.4,541,38.4,524,34.8,599,37.8,635,39.6
"비호지킨 림프종(C82-C86,C96)","계","80-84세",293,36.9,354,41.0,404,43.5,440,44.5,414,39.2
"비호지킨 림프종(C82-C86,C96)","계","85세이상",152,29.4,187,33.6,191,31.7,256,39.1,278,39.0
"비호지킨 림프종(C82-C86,C96)","계","연령미상",-,-,-,-,-,-,-,-,-,-
"비호지킨 림프종(C82-C86,C96)","남자","계",2564,10.1,2808,11.0,2740,10.7,3015,11.8,3117,12.2
"비호지킨 림프종(C82-C86,C96)","남자","0-4세",26,2.2,31,2.7,25,2.3,32,3.1,28,2.9
"비호지킨 림프종(C82-C86,C96)","남자","5-9세",40,3.4,32,2.6,33,2.7,37,3.1,26,2.2
"비호지킨 림프종(C82-C86,C96)","남자","10-14세",34,2.6,41,3.3,36,3.0,40,3.3,28,2.4
"비호지킨 림프종(C82-C86,C96)","남자","15-19세",44,2.6,55,3.3,41,2.6,42,2.8,29,2.0
"비호지킨 림프종(C82-C86,C96)","남자","20-24세",42,2.3,52,2.8,49,2.6,53,2.9,35,2.0
"비호지킨 림프종(C82-C86,C96)","남자","25-29세",48,2.9,46,2.8,40,2.3,57,3.2,47,2.6
"비호지킨 림프종(C82-C86,C96)","남자","30-34세",70,3.6,71,3.8,73,4.2,64,3.9,62,3.8
"비호지킨 림프종(C82-C86,C96)","남자","35-39세",90,4.6,95,4.7,107,5.3,116,5.6,107,5.3
"비호지킨 림프종(C82-C86,C96)","남자","40-44세",128,5.7,133,6.1,134,6.4,148,7.4,132,6.7
"비호지킨 림프종(C82-C86,C96)","남자","45-49세",174,7.9,162,7.2,153,6.7,211,9.2,197,8.7
"비호지킨 림프종(C82-C86,C96)","남자","50-54세",234,10.8,246,11.6,212,10.2,220,10.5,252,11.7
"비호지킨 림프종(C82-C86,C96)","남자","55-59세",275,14.2,345,17.0,291,13.8,319,14.9,352,16.5
"비호지킨 림프종(C82-C86,C96)","남자","60-64세",271,20.4,310,21.3,327,20.9,336,20.2,394,22.2
"비호지킨 림프종(C82-C86,C96)","남자","65-69세",316,31.3,310,29.6,328,30.2,340,30.1,363,30.8
"비호지킨 림프종(C82-C86,C96)","남자","70-74세",299,37.8,325,40.9,318,39.6,340,40.7,391,44.2
"비호지킨 림프종(C82-C86,C96)","남자","75-79세",287,52.6,298,51.8,283,45.4,321,48.4,338,50.0
"비호지킨 림프종(C82-C86,C96)","남자","80-84세",131,48.9,172,57.5,207,63.1,227,63.7,221,57.1
"비호지킨 림프종(C82-C86,C96)","남자","85세이상",55,42.1,84,59.7,83,53.7,112,65.5,115,60.4
"비호지킨 림프종(C82-C86,C96)","남자","연령미상",-,-,-,-,-,-,-,-,-,-
"비호지킨 림프종(C82-C86,C96)","여자","계",1887,7.4,2024,7.9,2079,8.1,2229,8.7,2271,8.8
"비호지킨 림프종(C82-C86,C96)","여자","0-4세",29,2.6,17,1.6,13,1.2,18,1.8,17,1.8
"비호지킨 림프종(C82-C86,C96)","여자","5-9세",9,0.8,11,1.0,24,2.1,13,1.1,11,1.0
"비호지킨 림프종(C82-C86,C96)","여자","10-14세",13,1.1,14,1.2,14,1.2,16,1.4,19,1.7
"비호지킨 림프종(C82-C86,C96)","여자","15-19세",16,1.0,26,1.7,12,0.8,15,1.1,15,1.1
"비호지킨 림프종(C82-C86,C96)","여자","20-24세",19,1.2,28,1.7,38,2.3,29,1.8,30,1.9
"비호지킨 림프종(C82-C86,C96)","여자","25-29세",27,1.8,37,2.5,35,2.3,38,2.4,32,2.0
"비호지킨 림프종(C82-C86,C96)","여자","30-34세",51,2.8,47,2.7,45,2.7,60,3.8,39,2.6
"비호지킨 림프종(C82-C86,C96)","여자","35-39세",61,3.2,73,3.8,103,5.3,64,3.2,71,3.7
"비호지킨 림프종(C82-C86,C96)","여자","40-44세",93,4.3,82,3.9,88,4.4,98,5.0,89,4.7
"비호지킨 림프종(C82-C86,C96)","여자","45-49세",144,6.7,127,5.8,127,5.7,126,5.6,138,6.3
"비호지킨 림프종(C82-C86,C96)","여자","50-54세",142,6.7,139,6.8,138,6.8,184,9.0,159,7.5
"비호지킨 림프종(C82-C86,C96)","여자","55-59세",201,10.3,240,11.8,225,10.6,207,9.7,234,11.0
"비호지킨 림프종(C82-C86,C96)","여자","60-64세",175,12.6,225,14.9,226,14.0,257,15.0,282,15.5
"비호지킨 림프종(C82-C86,C96)","여자","65-69세",180,16.4,209,18.4,224,19.1,234,19.2,239,18.9
"비호지킨 림프종(C82-C86,C96)","여자","70-74세",235,23.8,221,22.8,221,23.0,235,24.0,243,23.9
"비호지킨 림프종(C82-C86,C96)","여자","75-79세",233,28.8,243,29.2,241,27.3,278,30.1,297,32.0
"비호지킨 림프종(C82-C86,C96)","여자","80-84세",162,30.8,182,32.2,197,32.8,213,33.6,193,28.8
"비호지킨 림프종(C82-C86,C96)","여자","85세이상",97,25.1,103,24.7,108,24.1,144,29.8,163,31.2
"비호지킨 림프종(C82-C86,C96)","여자","연령미상",-,-,-,-,-,-,-,-,-,-
"다발성 골수종(C90)","계","계",1480,2.9,1556,3.0,1645,3.2,1731,3.4,1831,3.6
"다발성 골수종(C90)","계","0-4세",-,-,-,-,-,-,-,-,-,-
"다발성 골수종(C90)","계","5-9세",-,-,-,-,-,-,-,-,-,-
"다발성 골수종(C90)","계","10-14세",-,-,-,-,1,-,-,-,-,-
"다발성 골수종(C90)","계","15-19세",1,-,-,-,1,-,-,-,-,-
"다발성 골수종(C90)","계","20-24세",-,-,1,-,1,-,1,-,-,-
"다발성 골수종(C90)","계","25-29세",2,0.1,2,0.1,1,-,2,0.1,1,-
"다발성 골수종(C90)","계","30-34세",4,0.1,3,0.1,-,-,4,0.1,3,0.1
"다발성 골수종(C90)","계","35-39세",12,0.3,18,0.5,16,0.4,13,0.3,13,0.3
"다발성 골수종(C90)","계","40-44세",25,0.6,23,0.5,23,0.6,27,0.7,33,0.9
"다발성 골수종(C90)","계","45-49세",49,1.1,58,1.3,51,1.1,52,1.1,65,1.5
"다발성 골수종(C90)","계","50-54세",118,2.8,107,2.6,100,2.4,122,2.9,126,3.0
"다발성 골수종(C90)","계","55-59세",170,4.4,181,4.4,187,4.4,203,4.8,182,4.3
"다발성 골수종(C90)","계","60-64세",207,7.6,224,7.6,227,7.1,234,6.9,251,7.0
"다발성 골수종(C90)","계","65-69세",236,11.2,249,11.4,271,12.0,250,10.7,294,12.0
"다발성 골수종(C90)","계","70-74세",249,14.0,257,14.6,260,14.7,300,16.5,295,15.5
"다발성 골수종(C90)","계","75-79세",215,15.9,242,17.2,279,18.5,274,17.3,320,20.0
"다발성 골수종(C90)","계","80-84세",139,17.5,138,16.0,167,18.0,175,17.7,176,16.7
"다발성 골수종(C90)","계","85세이상",53,10.2,53,9.5,60,9.9,74,11.3,72,10.1
"다발성 골수종(C90)","계","연령미상",-,-,-,-,-,-,-,-,-,-
"다발성 골수종(C90)","남자","계",775,3.0,845,3.3,865,3.4,934,3.6,997,3.9
"다발성 골수종(C90)","남자","0-4세",-,-,-,-,-,-,-,-,-,-
"다발성 골수종(C90)","남자","5-9세",-,-,-,-,-,-,-,-,-,-
"다발성 골수종(C90)","남자","10-14세",-,-,-,-,-,-,-,-,-,-
"다발성 골수종(C90)","남자","15-19세",-,-,-,-,-,-,-,-,-,-
"다발성 골수종(C90)","남자","20-24세",-,-,1,0.1,1,0.1,-,-,-,-
"다발성 골수종(C90)","남자","25-29세",2,0.1,1,0.1,-,-,2,0.1,-,-
"다발성 골수종(C90)","남자","30-34세",3,0.2,2,0.1,-,-,3,0.2,2,0.1
"다발성 골수종(C90)","남자","35-39세",10,0.5,13,0.6,11,0.5,10,0.5,9,0.4
"다발성 골수종(C90)","남자","40-44세",10,0.4,12,0.6,15,0.7,16,0.8,22,1.1
"다발성 골수종(C90)","남자","45-49세",31,1.4,37,1.6,26,1.1,28,1.2,43,1.9
"다발성 골수종(C90)","남자","50-54세",69,3.2,68,3.2,52,2.5,69,3.3,68,3.2
"다발성 골수종(C90)","남자","55-59세",91,4.7,110,5.4,114,5.4,114,5.3,96,4.5
"다발성 골수종(C90)","남자","60-64세",122,9.2,121,8.3,124,7.9,142,8.5,142,8.0
"다발성 골수종(C90)","남자","65-69세",127,12.6,128,12.2,147,13.5,141,12.5,165,14.0
"다발성 골수종(C90)","남자","70-74세",124,15.7,139,17.5,139,17.3,153,18.3,160,18.1
"다발성 골수종(C90)","남자","75-79세",102,18.7,126,21.9,125,20.1,145,21.9,165,24.4
"다발성 골수종(C90)","남자","80-84세",59,22.0,66,22.1,84,25.6,74,20.8,89,23.0
"다발성 골수종(C90)","남자","85세이상",25,19.1,21,14.9,27,17.5,37,21.6,36,18.9
"다발성 골수종(C90)","남자","연령미상",-,-,-,-,-,-,-,-,-,-
"다발성 골수종(C90)","여자","계",705,2.8,711,2.8,780,3.0,797,3.1,834,3.2
"다발성 골수종(C90)","여자","0-4세",-,-,-,-,-,-,-,-,-,-
"다발성 골수종(C90)","여자","5-9세",-,-,-,-,-,-,-,-,-,-
"다발성 골수종(C90)","여자","10-14세",-,-,-,-,1,0.1,-,-,-,-
"다발성 골수종(C90)","여자","15-19세",1,0.1,-,-,1,0.1,-,-,-,-
"다발성 골수종(C90)","여자","20-24세",-,-,-,-,-,-,1,0.1,-,-
"다발성 골수종(C90)","여자","25-29세",-,-,1,0.1,1,0.1,-,-,1,0.1
"다발성 골수종(C90)","여자","30-34세",1,0.1,1,0.1,-,-,1,0.1,1,0.1
"다발성 골수종(C90)","여자","35-39세",2,0.1,5,0.3,5,0.3,3,0.2,4,0.2
"다발성 골수종(C90)","여자","40-44세",15,0.7,11,0.5,8,0.4,11,0.6,11,0.6
"다발성 골수종(C90)","여자","45-49세",18,0.8,21,1.0,25,1.1,24,1.1,22,1.0
"다발성 골수종(C90)","여자","50-54세",49,2.3,39,1.9,48,2.4,53,2.6,58,2.7
"다발성 골수종(C90)","여자","55-59세",79,4.1,71,3.5,73,3.5,89,4.2,86,4.1
"다발성 골수종(C90)","여자","60-64세",85,6.1,103,6.8,103,6.4,92,5.4,109,6.0
"다발성 골수종(C90)","여자","65-69세",109,9.9,121,10.6,124,10.6,109,9.0,129,10.2
"다발성 골수종(C90)","여자","70-74세",125,12.7,118,12.2,121,12.6,147,15.0,135,13.3
"다발성 골수종(C90)","여자","75-79세",113,14.0,116,13.9,154,17.4,129,14.0,155,16.7
"다발성 골수종(C90)","여자","80-84세",80,15.2,72,12.7,83,13.8,101,15.9,87,13.0
"다발성 골수종(C90)","여자","85세이상",28,7.2,32,7.7,33,7.4,37,7.7,36,6.9
"다발성 골수종(C90)","여자","연령미상",-,-,-,-,-,-,-,-,-,-
"백혈병(C91-C95)","계","계",3286,6.4,3437,6.7,3397,6.6,3520,6.9,3738,7.3
"백혈병(C91-C95)","계","0-4세",153,6.7,148,6.6,127,5.9,120,5.9,124,6.5
"백혈병(C91-C95)","계","5-9세",87,3.8,108,4.6,72,3.1,91,3.9,83,3.6
"백혈병(C91-C95)","계","10-14세",76,3.0,81,3.4,84,3.6,88,3.8,83,3.6
"백혈병(C91-C95)","계","15-19세",110,3.4,131,4.1,84,2.8,91,3.2,86,3.2
"백혈병(C91-C95)","계","20-24세",97,2.8,115,3.3,101,2.9,97,2.8,103,3.1
"백혈병(C91-C95)","계","25-29세",101,3.2,84,2.7,99,3.0,99,3.0,123,3.6
"백혈병(C91-C95)","계","30-34세",134,3.5,118,3.3,109,3.2,120,3.7,123,3.9
"백혈병(C91-C95)","계","35-39세",156,4.0,156,4.0,135,3.4,129,3.2,167,4.2
"백혈병(C91-C95)","계","40-44세",186,4.2,171,4.0,186,4.5,185,4.7,156,4.0
"백혈병(C91-C95)","계","45-49세",261,6.0,181,4.1,230,5.1,230,5.1,246,5.5
"백혈병(C91-C95)","계","50-54세",271,6.4,249,6.0,250,6.1,267,6.4,275,6.5
"백혈병(C91-C95)","계","55-59세",299,7.7,330,8.1,335,7.9,345,8.1,365,8.6
"백혈병(C91-C95)","계","60-64세",241,8.9,354,11.9,268,8.4,323,9.6,406,11.3
"백혈병(C91-C95)","계","65-69세",271,12.8,306,14.0,319,14.1,276,11.8,314,12.8
"백혈병(C91-C95)","계","70-74세",306,17.2,308,17.4,331,18.7,340,18.7,349,18.3
"백혈병(C91-C95)","계","75-79세",249,18.4,276,19.6,322,21.4,347,21.9,319,19.9
"백혈병(C91-C95)","계","80-84세",184,23.2,206,23.8,221,23.8,227,22.9,268,25.4
"백혈병(C91-C95)","계","85세이상",104,20.1,115,20.6,124,20.6,145,22.2,148,20.8
"백혈병(C91-C95)","계","연령미상",-,-,-,-,-,-,-,-,-,-
"백혈병(C91-C95)","남자","계",1857,7.3,1999,7.8,1938,7.6,2055,8.0,2108,8.2
"백혈병(C91-C95)","남자","0-4세",86,7.3,82,7.2,70,6.4,65,6.3,79,8.1
"백혈병(C91-C95)","남자","5-9세",43,3.6,50,4.1,41,3.4,50,4.2,41,3.4
"백혈병(C91-C95)","남자","10-14세",45,3.4,53,4.2,52,4.3,50,4.1,46,3.9
"백혈병(C91-C95)","남자","15-19세",76,4.4,81,4.9,60,3.8,53,3.5,65,4.6
"백혈병(C91-C95)","남자","20-24세",59,3.2,71,3.8,67,3.6,62,3.4,65,3.7
"백혈병(C91-C95)","남자","25-29세",61,3.7,49,3.0,68,4.0,71,4.0,72,4.0
"백혈병(C91-C95)","남자","30-34세",82,4.2,70,3.8,74,4.3,70,4.2,77,4.7
"백혈병(C91-C95)","남자","35-39세",104,5.3,100,5.0,73,3.6,80,3.9,84,4.2
"백혈병(C91-C95)","남자","40-44세",106,4.7,99,4.6,115,5.5,103,5.1,93,4.7
"백혈병(C91-C95)","남자","45-49세",148,6.7,102,4.5,122,5.3,139,6.0,144,6.3
"백혈병(C91-C95)","남자","50-54세",152,7.0,138,6.5,145,6.9,147,7.0,158,7.4
"백혈병(C91-C95)","남자","55-59세",165,8.5,192,9.4,189,9.0,199,9.3,192,9.0
"백혈병(C91-C95)","남자","60-64세",145,10.9,203,14.0,150,9.6,217,13.0,221,12.4
"백혈병(C91-C95)","남자","65-69세",155,15.3,185,17.6,190,17.5,167,14.8,183,15.5
"백혈병(C91-C95)","남자","70-74세",168,21.2,184,23.2,181,22.5,197,23.6,222,25.1
"백혈병(C91-C95)","남자","75-79세",135,24.7,166,28.9,181,29.0,199,30.0,172,25.4
"백혈병(C91-C95)","남자","80-84세",91,34.0,117,39.1,108,32.9,125,35.1,135,34.9
"백혈병(C91-C95)","남자","85세이상",36,27.6,57,40.5,52,33.6,61,35.7,59,31.0
"백혈병(C91-C95)","남자","연령미상",-,-,-,-,-,-,-,-,-,-
"백혈병(C91-C95)","여자","계",1429,5.6,1438,5.6,1459,5.7,1465,5.7,1630,6.3
"백혈병(C91-C95)","여자","0-4세",67,6.0,66,6.1,57,5.5,55,5.6,45,4.8
"백혈병(C91-C95)","여자","5-9세",44,3.9,58,5.1,31,2.7,41,3.6,42,3.7
"백혈병(C91-C95)","여자","10-14세",31,2.5,28,2.4,32,2.8,38,3.4,37,3.3
"백혈병(C91-C95)","여자","15-19세",34,2.2,50,3.3,24,1.7,38,2.8,21,1.6
"백혈병(C91-C95)","여자","20-24세",38,2.3,44,2.6,34,2.1,35,2.2,38,2.4
"백혈병(C91-C95)","여자","25-29세",40,2.7,35,2.3,31,2.0,28,1.8,51,3.1
"백혈병(C91-C95)","여자","30-34세",52,2.8,48,2.7,35,2.1,50,3.2,46,3.0
"백혈병(C91-C95)","여자","35-39세",52,2.7,56,2.9,62,3.2,49,2.5,83,4.3
"백혈병(C91-C95)","여자","40-44세",80,3.7,72,3.4,71,3.5,82,4.2,63,3.3
"백혈병(C91-C95)","여자","45-49세",113,5.2,79,3.6,108,4.8,91,4.1,102,4.6
"백혈병(C91-C95)","여자","50-54세",119,5.6,111,5.4,105,5.2,120,5.8,117,5.5
"백혈병(C91-C95)","여자","55-59세",134,6.9,138,6.8,146,6.9,146,6.8,173,8.1
"백혈병(C91-C95)","여자","60-64세",96,6.9,151,10.0,118,7.3,106,6.2,185,10.1
"백혈병(C91-C95)","여자","65-69세",116,10.6,121,10.6,129,11.0,109,9.0,131,10.3
"백혈병(C91-C95)","여자","70-74세",138,14.0,124,12.8,150,15.6,143,14.6,127,12.5
"백혈병(C91-C95)","여자","75-79세",114,14.1,110,13.2,141,16.0,148,16.0,147,15.9
"백혈병(C91-C95)","여자","80-84세",93,17.7,89,15.7,113,18.8,102,16.1,133,19.9
"백혈병(C91-C95)","여자","85세이상",68,17.6,58,13.9,72,16.0,84,17.4,89,17.0
"백혈병(C91-C95)","여자","연령미상",-,-,-,-,-,-,-,-,-,-
"기타 암(Re. C00-C96)","계","계",16821,33.0,18528,36.2,18841,36.8,20311,39.6,20735,40.4
"기타 암(Re. C00-C96)","계","0-4세",144,6.3,154,6.9,130,6.1,130,6.4,125,6.5
"기타 암(Re. C00-C96)","계","5-9세",40,1.7,60,2.6,51,2.2,50,2.1,50,2.2
"기타 암(Re. C00-C96)","계","10-14세",94,3.7,86,3.6,71,3.0,71,3.0,76,3.3
"기타 암(Re. C00-C96)","계","15-19세",166,5.1,134,4.2,127,4.2,126,4.4,123,4.5
"기타 암(Re. C00-C96)","계","20-24세",159,4.5,162,4.6,185,5.3,180,5.2,157,4.7
"기타 암(Re. C00-C96)","계","25-29세",172,5.5,217,6.9,179,5.5,209,6.2,208,6.1
"기타 암(Re. C00-C96)","계","30-34세",314,8.3,304,8.5,307,9.1,303,9.4,283,9.0
"기타 암(Re. C00-C96)","계","35-39세",407,10.5,398,10.1,472,11.8,501,12.4,493,12.4
"기타 암(Re. C00-C96)","계","40-44세",725,16.4,702,16.5,681,16.6,738,18.6,673,17.4
"기타 암(Re. C00-C96)","계","45-49세",881,20.1,1028,23.0,971,21.4,1006,22.2,1054,23.5
"기타 암(Re. C00-C96)","계","50-54세",1277,29.9,1426,34.2,1208,29.4,1396,33.6,1370,32.2
"기타 암(Re. C00-C96)","계","55-59세",1655,42.6,1840,45.1,1879,44.5,2016,47.2,2035,47.8
"기타 암(Re. C00-C96)","계","60-64세",1631,60.1,1904,64.2,1981,62.4,2231,66.1,2345,65.1
"기타 암(Re. C00-C96)","계","65-69세",1787,84.7,2037,93.2,2069,91.5,2207,94.1,2194,89.8
"기타 암(Re. C00-C96)","계","70-74세",2190,123.2,2226,126.1,2233,126.5,2297,126.6,2443,128.4
"기타 암(Re. C00-C96)","계","75-79세",2248,166.1,2429,172.5,2672,177.4,2786,175.7,2761,172.2
"기타 암(Re. C00-C96)","계","80-84세",1679,211.4,1943,224.8,2044,220.1,2178,220.1,2457,232.6
"기타 암(Re. C00-C96)","계","85세이상",1252,241.8,1478,265.2,1581,262.0,1886,288.2,1888,264.7
"기타 암(Re. C00-C96)","계","연령미상",-,-,-,-,-,-,-,-,-,-
"기타 암(Re. C00-C96)","남자","계",8522,33.5,9295,36.4,9469,37.0,10272,40.1,10423,40.7
"기타 암(Re. C00-C96)","남자","0-4세",86,7.3,69,6.0,68,6.2,67,6.4,62,6.3
"기타 암(Re. C00-C96)","남자","5-9세",24,2.0,33,2.7,33,2.7,24,2.0,33,2.8
"기타 암(Re. C00-C96)","남자","10-14세",57,4.3,46,3.7,35,2.9,44,3.6,46,3.9
"기타 암(Re. C00-C96)","남자","15-19세",101,5.9,88,5.3,97,6.1,82,5.5,73,5.1
"기타 암(Re. C00-C96)","남자","20-24세",91,4.9,83,4.4,99,5.3,96,5.3,92,5.2
"기타 암(Re. C00-C96)","남자","25-29세",94,5.8,125,7.6,88,5.2,117,6.6,91,5.0
"기타 암(Re. C00-C96)","남자","30-34세",148,7.6,143,7.8,173,9.9,161,9.7,138,8.5
"기타 암(Re. C00-C96)","남자","35-39세",228,11.5,206,10.3,228,11.2,270,13.1,246,12.2
"기타 암(Re. C00-C96)","남자","40-44세",344,15.3,386,17.8,351,16.9,372,18.5,369,18.8
"기타 암(Re. C00-C96)","남자","45-49세",469,21.2,544,24.1,490,21.4,502,21.8,524,23.0
"기타 암(Re. C00-C96)","남자","50-54세",653,30.2,761,35.9,632,30.3,742,35.3,700,32.6
"기타 암(Re. C00-C96)","남자","55-59세",892,46.0,979,48.1,1040,49.3,1098,51.3,1095,51.2
"기타 암(Re. C00-C96)","남자","60-64세",959,72.0,1065,73.3,1098,70.3,1254,75.3,1315,74.0
"기타 암(Re. C00-C96)","남자","65-69세",1047,103.6,1196,114.0,1193,109.7,1272,112.7,1236,104.9
"기타 암(Re. C00-C96)","남자","70-74세",1173,148.1,1179,148.4,1227,152.7,1260,150.9,1347,152.4
"기타 암(Re. C00-C96)","남자","75-79세",1105,202.4,1172,203.9,1288,206.6,1396,210.6,1404,207.7
"기타 암(Re. C00-C96)","남자","80-84세",696,259.9,796,266.2,851,259.4,941,264.2,1037,268.1
"기타 암(Re. C00-C96)","남자","85세이상",355,271.7,424,301.2,478,309.3,574,335.6,615,322.9
"기타 암(Re. C00-C96)","남자","연령미상",-,-,-,-,-,-,-,-,-,-
"기타 암(Re. C00-C96)","여자","계",8299,32.6,9233,36.1,9372,36.5,10039,39.1,10312,40.1
"기타 암(Re. C00-C96)","여자","0-4세",58,5.2,85,7.8,62,5.9,63,6.4,63,6.8
"기타 암(Re. C00-C96)","여자","5-9세",16,1.4,27,2.4,18,1.6,26,2.3,17,1.5
"기타 암(Re. C00-C96)","여자","10-14세",37,3.0,40,3.5,36,3.2,27,2.4,30,2.7
"기타 암(Re. C00-C96)","여자","15-19세",65,4.2,46,3.0,30,2.1,44,3.2,50,3.8
"기타 암(Re. C00-C96)","여자","20-24세",68,4.1,79,4.8,86,5.2,84,5.2,65,4.1
"기타 암(Re. C00-C96)","여자","25-29세",78,5.2,92,6.1,91,5.9,92,5.8,117,7.2
"기타 암(Re. C00-C96)","여자","30-34세",166,9.0,161,9.2,134,8.1,142,9.1,145,9.5
"기타 암(Re. C00-C96)","여자","35-39세",179,9.4,192,9.9,244,12.4,231,11.7,247,12.7
"기타 암(Re. C00-C96)","여자","40-44세",381,17.6,316,15.1,330,16.3,366,18.8,304,16.0
"기타 암(Re. C00-C96)","여자","45-49세",412,19.1,484,21.9,481,21.5,504,22.6,530,24.0
"기타 암(Re. C00-C96)","여자","50-54세",624,29.6,665,32.4,576,28.5,654,31.8,670,31.7
"기타 암(Re. C00-C96)","여자","55-59세",763,39.2,861,42.2,839,39.7,918,43.0,940,44.3
"기타 암(Re. C00-C96)","여자","60-64세",672,48.6,839,55.5,883,54.7,977,57.1,1030,56.5
"기타 암(Re. C00-C96)","여자","65-69세",740,67.4,841,74.0,876,74.6,935,76.8,958,75.7
"기타 암(Re. C00-C96)","여자","70-74세",1017,103.2,1047,107.8,1006,104.6,1037,105.9,1096,107.6
"기타 암(Re. C00-C96)","여자","75-79세",1143,141.5,1257,150.9,1384,156.7,1390,150.7,1357,146.3
"기타 암(Re. C00-C96)","여자","80-84세",983,186.7,1147,202.9,1193,198.7,1237,195.3,1420,212.1
"기타 암(Re. C00-C96)","여자","85세이상",897,231.7,1054,253.0,1103,245.7,1312,271.4,1273,243.6
"기타 암(Re. C00-C96)","여자","연령미상",-,-,-,-,-,-,-,-,-,-
